endpoint,method,model_id,model,source_id,source,source_class,target_id,target,target_class,n_source_cal,n_target_cal,n_target_test,src_cal_pos,tgt_test_pos,tgt_test_neg,ece_raw,ece_indomain,ece_transferred,aece_raw,aece_indomain,aece_transferred,brier_raw,brier_indomain,brier_transferred,nll_raw,nll_indomain,nll_transferred,auroc_raw,auroc_transferred,auroc_change,transfer_success,collapse
MI,platt,M1,MERL,D1,PTB-XL,MI,D5,MIMIC-IV-ECG,MI,297,298,301,43,62,239,0.0895059406889002,0.06718103931310318,0.07166199014159733,0.09229321761988024,0.06478163436042617,0.0666096961050307,0.14337072047928331,0.13230776521835,0.13475810328034768,0.5218536508062932,0.4218626577225059,0.4288827868019597,0.7916722904575515,0.7916722904575515,0.0,True,False
MI,isotonic,M1,MERL,D1,PTB-XL,MI,D5,MIMIC-IV-ECG,MI,297,298,301,43,62,239,0.0895059406889002,0.07464643127517709,0.051954073693939784,0.09229321761988024,0.05907945445378093,0.05698799376771547,0.14337072047928331,0.13959664902439614,0.13567049192288855,0.5218536508062932,0.5340286849741154,0.425762832350805,0.7916722904575515,0.7903900661357809,-0.0012822243217706086,True,False
MI,temperature,M1,MERL,D1,PTB-XL,MI,D5,MIMIC-IV-ECG,MI,297,298,301,43,62,239,0.0895059406889002,0.06773305069095788,0.06944432243094524,0.09229321761988024,0.08330469860596688,0.08265940974850819,0.14337072047928331,0.13872775266184578,0.13824124330498802,0.5218536508062932,0.4441417571520687,0.44780191855747453,0.7916722904575515,0.7916722904575515,0.0,True,False
MI,platt,M2,ST-MEM,D1,PTB-XL,MI,D5,MIMIC-IV-ECG,MI,297,298,301,43,62,239,0.13850796718884822,0.04851191334488908,0.08756860994720085,0.12924285925401882,0.07228702415502923,0.09785115184995297,0.16542946886028953,0.13898211182456854,0.14695872773884483,0.791768072298806,0.44156279904088075,0.4676235465857465,0.7727088675934675,0.7727088675934675,0.0,False,False
MI,isotonic,M2,ST-MEM,D1,PTB-XL,MI,D5,MIMIC-IV-ECG,MI,297,298,301,43,62,239,0.13850796718884822,0.06269683758830848,0.08957924559302663,0.12924285925401882,0.06877554369294339,0.07762910583242082,0.16542946886028953,0.14566244475183146,0.15398538916956758,0.791768072298806,0.7195495882766133,0.627440983554799,0.7727088675934675,0.7557362667026589,-0.016972600890808542,False,False
MI,temperature,M2,ST-MEM,D1,PTB-XL,MI,D5,MIMIC-IV-ECG,MI,297,298,301,43,62,239,0.13850796718884822,0.08976013412433126,0.09048474546750643,0.12924285925401882,0.09253622516998732,0.09433937866562024,0.16542946886028953,0.15022757497368838,0.15050042175722717,0.791768072298806,0.4745595142708807,0.4928027113033741,0.7727088675934675,0.7727088675934675,0.0,True,False
MI,platt,M3,HuBERT-ECG,D1,PTB-XL,MI,D5,MIMIC-IV-ECG,MI,297,298,301,43,62,239,0.16159712546942845,0.03949842629757901,0.09814893620611849,0.16034033470419679,0.10533162449425139,0.11315537490050104,0.19094485555971272,0.1536693137263523,0.1589958176354861,0.8097787744266116,0.47593352257857274,0.5013840543590062,0.7258739371035228,0.7258739371035228,0.0,False,False
MI,isotonic,M3,HuBERT-ECG,D1,PTB-XL,MI,D5,MIMIC-IV-ECG,MI,297,298,301,43,62,239,0.16159712546942845,0.06387706223745737,0.10382281781477762,0.16034033470419679,0.09619212431200899,0.10256094673938469,0.19094485555971272,0.15393734592204025,0.1667103916937547,0.8097787744266116,0.5627652920824991,0.7775078253126021,0.7258739371035228,0.699453367525982,-0.026420569577540798,False,False
MI,temperature,M3,HuBERT-ECG,D1,PTB-XL,MI,D5,MIMIC-IV-ECG,MI,297,298,301,43,62,239,0.16159712546942845,0.09972115824554272,0.09983976482825996,0.16034033470419679,0.12321220213186011,0.12177925837226328,0.19094485555971272,0.16578708413709972,0.16658169312589355,0.8097787744266116,0.5172163621720698,0.5255346297714796,0.7258739371035228,0.7258739371035228,0.0,True,False
MI,platt,M4,ECGFM-KED,D1,PTB-XL,MI,D5,MIMIC-IV-ECG,MI,297,298,301,43,62,239,0.08865203220066135,0.07662031901552836,0.0908802326355023,0.0812967469889797,0.09597189204789106,0.10560037835762746,0.1376158544015841,0.13806066846386492,0.14671974667610385,0.4784412910086504,0.43273423173425246,0.4544280174898238,0.7793899311647996,0.7793899311647996,0.0,False,True
MI,isotonic,M4,ECGFM-KED,D1,PTB-XL,MI,D5,MIMIC-IV-ECG,MI,297,298,301,43,62,239,0.08865203220066135,0.08214788070909086,0.04766829873413731,0.0812967469889797,0.09652585565329433,0.07793038728694625,0.1376158544015841,0.1430319251549917,0.1373136873378053,0.4784412910086504,0.49084233817315376,0.4700145761925172,0.7793899311647996,0.7804359562694021,0.0010460251046024993,True,False
MI,temperature,M4,ECGFM-KED,D1,PTB-XL,MI,D5,MIMIC-IV-ECG,MI,297,298,301,43,62,239,0.08865203220066135,0.09974185736015619,0.09000832077864288,0.0812967469889797,0.11077970196669434,0.10568306897743483,0.1376158544015841,0.14213404568436272,0.14073528399247673,0.4784412910086504,0.46752305063944466,0.46506560604760416,0.7793899311647996,0.7794236739101092,3.37427453096506e-05,False,True
MI,platt,M5,ECG-FM,D1,PTB-XL,MI,D5,MIMIC-IV-ECG,MI,297,298,301,43,62,239,0.11544920559819226,0.03932243223370599,0.05721946873321734,0.11523840381168206,0.06048997374730759,0.06906349867621196,0.1610140477643251,0.14224876752577872,0.14401441905204715,0.5753037719475252,0.44826441802957984,0.4597111712412154,0.7397759481711432,0.7397759481711432,0.0,False,False
MI,isotonic,M5,ECG-FM,D1,PTB-XL,MI,D5,MIMIC-IV-ECG,MI,297,298,301,43,62,239,0.11544920559819226,0.06483547047320588,0.061055450981342636,0.11523840381168206,0.0718931209739681,0.0856823972669055,0.1610140477643251,0.14978027484634632,0.14637819602203017,0.5753037719475252,0.6421179520127355,0.505457077162049,0.7397759481711432,0.7365366446214063,-0.003239303549736894,True,False
MI,temperature,M5,ECG-FM,D1,PTB-XL,MI,D5,MIMIC-IV-ECG,MI,297,298,301,43,62,239,0.11544920559819226,0.09488453306046808,0.09488959970600155,0.11523840381168206,0.09235414248711533,0.09234467551590995,0.1610140477643251,0.15275575274772898,0.15275800800496636,0.5753037719475252,0.4883024351773454,0.48833897656741976,0.7397759481711432,0.7397759481711432,0.0,True,False
MI,platt,M6,S4D,D1,PTB-XL,MI,D5,MIMIC-IV-ECG,MI,297,298,301,43,62,239,0.045582716879471304,0.06819247958849797,0.07214739261385877,0.06574427453947934,0.0776330670536802,0.07512955816039131,0.13580287314000558,0.13839954363344262,0.1404542423318792,0.4261421127141544,0.4359029421312835,0.43720607667057987,0.7799973005803752,0.7799973005803752,0.0,False,True
MI,isotonic,M6,S4D,D1,PTB-XL,MI,D5,MIMIC-IV-ECG,MI,297,298,301,43,62,239,0.045582716879471304,0.05625049611062721,0.027480169650867567,0.06574427453947934,0.06692535912428627,0.059221209112601134,0.13580287314000558,0.1366508887892022,0.13325008165888028,0.4261421127141544,0.42501898011366684,0.45616269289733685,0.7799973005803752,0.7771629099743556,-0.0028343906060196433,True,False
MI,temperature,M6,S4D,D1,PTB-XL,MI,D5,MIMIC-IV-ECG,MI,297,298,301,43,62,239,0.045582716879471304,0.056106202441062666,0.045113870306471085,0.06574427453947934,0.07607384527514063,0.06236008929277427,0.13580287314000558,0.1369754353541385,0.13579869879732231,0.4261421127141544,0.43149080727052114,0.4254575078680746,0.7799973005803752,0.7799973005803752,0.0,True,False
MI,platt,M1,MERL,D5,MIMIC-IV-ECG,MI,D1,PTB-XL,MI,298,297,299,65,40,259,0.09652294926731451,0.03794570839845715,0.06001231819219938,0.08511632089909982,0.041151666770035664,0.04922001746902391,0.11996104328983055,0.10581899921724698,0.1066266149140112,0.42045459509061983,0.3557640620654124,0.36028267077313786,0.7595559845559845,0.7595559845559845,0.0,False,False
MI,isotonic,M1,MERL,D5,MIMIC-IV-ECG,MI,D1,PTB-XL,MI,298,297,299,65,40,259,0.09652294926731451,0.05182693703272077,0.0664114008361545,0.08511632089909982,0.06372168552862605,0.07930140553794561,0.11996104328983055,0.10592070782505886,0.11378388457401493,0.42045459509061983,0.3507205737320628,0.41279036209455194,0.7595559845559845,0.7506274131274131,-0.008928571428571397,False,False
MI,temperature,M1,MERL,D5,MIMIC-IV-ECG,MI,D1,PTB-XL,MI,298,297,299,65,40,259,0.09652294926731451,0.07480246935014603,0.08601733624410006,0.08511632089909982,0.07243795731490367,0.08340898130989922,0.11996104328983055,0.11579938704663448,0.11661783533142184,0.42045459509061983,0.37408068946758,0.3767463220201083,0.7595559845559845,0.7595559845559845,0.0,True,False
MI,platt,M2,ST-MEM,D5,MIMIC-IV-ECG,MI,D1,PTB-XL,MI,298,297,299,65,40,259,0.12068685057117841,0.0561341819561528,0.07418857294584282,0.096918621962379,0.06775114062773528,0.07438670950466775,0.11477406983466978,0.0984226546114543,0.09955305686507482,0.5267165797433699,0.33819080691596715,0.3484846176782936,0.8162162162162162,0.8162162162162162,0.0,False,False
MI,isotonic,M2,ST-MEM,D5,MIMIC-IV-ECG,MI,D1,PTB-XL,MI,298,297,299,65,40,259,0.12068685057117841,0.04385568273138689,0.05856148423293258,0.096918621962379,0.0548144556195977,0.06645431012079554,0.11477406983466978,0.09769579612431165,0.09747535678492898,0.5267165797433699,0.33619891376381145,0.40338543429868123,0.8162162162162162,0.8060328185328186,-0.0101833976833976,False,False
MI,temperature,M2,ST-MEM,D5,MIMIC-IV-ECG,MI,D1,PTB-XL,MI,298,297,299,65,40,259,0.12068685057117841,0.07160903431998733,0.08250896662663632,0.096918621962379,0.08020941449384801,0.08356316156610123,0.11477406983466978,0.10453336806226751,0.10485818279903807,0.5267165797433699,0.3377346821096192,0.3380017418309011,0.8162162162162162,0.8162162162162162,0.0,True,False
MI,platt,M3,HuBERT-ECG,D5,MIMIC-IV-ECG,MI,D1,PTB-XL,MI,298,297,299,65,40,259,0.1217513347355947,0.026124269648147427,0.07468026418458008,0.10435243581123871,0.04610069690732398,0.07755394012525522,0.12076112100059318,0.09701168508910543,0.10152446560294236,0.5552829183234205,0.3330716188764366,0.35234277747504056,0.7852316602316601,0.7852316602316601,0.0,False,False
MI,isotonic,M3,HuBERT-ECG,D5,MIMIC-IV-ECG,MI,D1,PTB-XL,MI,298,297,299,65,40,259,0.1217513347355947,0.04279972786241759,0.05831170649582545,0.10435243581123871,0.07537538185432413,0.07081710448408018,0.12076112100059318,0.10147291486364503,0.1021552660128217,0.5552829183234205,0.5096499851619871,0.37971235399962355,0.7852316602316601,0.7769305019305018,-0.008301158301158296,False,False
MI,temperature,M3,HuBERT-ECG,D5,MIMIC-IV-ECG,MI,D1,PTB-XL,MI,298,297,299,65,40,259,0.1217513347355947,0.08672046323241966,0.09468577353745063,0.10435243581123871,0.1034904121114948,0.10499351981584505,0.12076112100059318,0.11173503457659131,0.1120812746915016,0.5552829183234205,0.3652040051488971,0.3640563111101018,0.7852316602316601,0.7852316602316601,0.0,True,False
MI,platt,M4,ECGFM-KED,D5,MIMIC-IV-ECG,MI,D1,PTB-XL,MI,298,297,299,65,40,259,0.09938041702086728,0.04633535794023708,0.06791210075879461,0.10084360565566265,0.06890336433529413,0.08907494603755428,0.12538974834104605,0.10663594935904384,0.11319856773141167,0.48757659421507354,0.3555712374096491,0.37424191647119043,0.7351351351351351,0.7351351351351351,0.0,False,False
MI,isotonic,M4,ECGFM-KED,D5,MIMIC-IV-ECG,MI,D1,PTB-XL,MI,298,297,299,65,40,259,0.09938041702086728,0.04006020437237412,0.0708656276406972,0.10084360565566265,0.07600556299902814,0.08186690189034301,0.12538974834104605,0.10505802677980026,0.11832753724413674,0.48757659421507354,0.3522926927773485,0.38907041137183,0.7351351351351351,0.7279922779922781,-0.0071428571428570065,False,False
MI,temperature,M4,ECGFM-KED,D5,MIMIC-IV-ECG,MI,D1,PTB-XL,MI,298,297,299,65,40,259,0.09938041702086728,0.10927050461389945,0.11968441397222906,0.10084360565566265,0.12179028578490923,0.12557726458254453,0.12538974834104605,0.12917744901312592,0.1304644902797717,0.48757659421507354,0.44471674469757344,0.44476973894796173,0.7351351351351351,0.7351351351351351,0.0,False,True
MI,platt,M5,ECG-FM,D5,MIMIC-IV-ECG,MI,D1,PTB-XL,MI,298,297,299,65,40,259,0.07719347094762502,0.050411722772019676,0.07487001867689096,0.07039535180030196,0.06286279971556478,0.0760951194706146,0.10441223712394442,0.09318866347408689,0.09598355385344899,0.3548349506981726,0.3103343790845342,0.3291748865183095,0.8465250965250966,0.8465250965250966,0.0,False,False
MI,isotonic,M5,ECG-FM,D5,MIMIC-IV-ECG,MI,D1,PTB-XL,MI,298,297,299,65,40,259,0.07719347094762502,0.04302396034315718,0.042298961666643306,0.07039535180030196,0.07111116950542763,0.05418459953903932,0.10441223712394442,0.09823896102403615,0.0991942805859646,0.3548349506981726,0.36628645627902806,0.3572996266793817,0.8465250965250966,0.8354729729729731,-0.011052123552123483,True,False
MI,temperature,M5,ECG-FM,D5,MIMIC-IV-ECG,MI,D1,PTB-XL,MI,298,297,299,65,40,259,0.07719347094762502,0.08782784033853218,0.08700480059883459,0.07039535180030196,0.0893072640160538,0.08936728171002582,0.10441223712394442,0.10319632530167401,0.10320154231208867,0.3548349506981726,0.3360382906588497,0.3360614039384102,0.8465250965250966,0.8465250965250966,0.0,False,True
MI,platt,M6,S4D,D5,MIMIC-IV-ECG,MI,D1,PTB-XL,MI,298,297,299,65,40,259,0.058903486319876915,0.04496900247587019,0.07154127178748312,0.04947293488621759,0.050642603014293304,0.06941089991728085,0.09732494154003653,0.09736147483772403,0.09965482895043308,0.3244320561281428,0.3253191736405987,0.34196598522240074,0.8129343629343629,0.8129343629343629,0.0,False,True
MI,isotonic,M6,S4D,D5,MIMIC-IV-ECG,MI,D1,PTB-XL,MI,298,297,299,65,40,259,0.058903486319876915,0.03420349799786177,0.05222855094734547,0.04947293488621759,0.04090958760992574,0.06694561770097077,0.09732494154003653,0.1024399877852977,0.09540941704746438,0.3244320561281428,0.33340860234712494,0.3234344226440243,0.8129343629343629,0.8119691119691119,-0.0009652509652510188,False,False
MI,temperature,M6,S4D,D5,MIMIC-IV-ECG,MI,D1,PTB-XL,MI,298,297,299,65,40,259,0.058903486319876915,0.04388287278679589,0.06927530433716098,0.04947293488621759,0.04373871350653831,0.06850568388326961,0.09732494154003653,0.09628306943522903,0.10005363526443499,0.3244320561281428,0.3182405463539668,0.33728122121015564,0.8129343629343629,0.8129343629343629,0.0,False,True
AF,platt,M1,MERL,D3,CODE-15%,AF,D4,CPSC2018,AF,1200,1031,1031,28,161,870,0.03365416256241724,0.03155017383516269,0.03679918561159252,0.02740352202652491,0.028266841089578082,0.045811987810344276,0.04716071244449467,0.04753197172993771,0.051328584779348145,0.18913046801232233,0.17243860592111762,0.1816254031902807,0.9645891340044263,0.9645891340044263,0.0,False,True
AF,isotonic,M1,MERL,D3,CODE-15%,AF,D4,CPSC2018,AF,1200,1031,1031,28,161,870,0.03365416256241724,0.028736732723907085,0.04697926265934229,0.02740352202652491,0.021134515113965687,0.05046508975564934,0.04716071244449467,0.04760095412580056,0.05760822040478663,0.18913046801232233,0.2034538683144417,0.19745800726802756,0.9645891340044263,0.9573498964803313,-0.007239237524094944,False,True
AF,temperature,M1,MERL,D3,CODE-15%,AF,D4,CPSC2018,AF,1200,1031,1031,28,161,870,0.03365416256241724,0.03546447060418413,0.03305123146443396,0.02740352202652491,0.02629297971813463,0.02620634649556234,0.04716071244449467,0.04724051055819443,0.0471625137921053,0.18913046801232233,0.17746460909112027,0.1776837331106018,0.9645891340044263,0.9645891340044263,0.0,True,False
AF,platt,M2,ST-MEM,D3,CODE-15%,AF,D4,CPSC2018,AF,1200,1031,1031,28,161,870,0.02447106098949444,0.014048769882445068,0.026054366523410144,0.02115173196431707,0.018404528424017883,0.024445596214097694,0.02621514957236455,0.025955115555244938,0.026892431785601155,0.17066915606677185,0.1093247095723121,0.11843224896102124,0.9824659099021917,0.9824659099021917,0.0,False,True
AF,isotonic,M2,ST-MEM,D3,CODE-15%,AF,D4,CPSC2018,AF,1200,1031,1031,28,161,870,0.02447106098949444,0.01285026852636957,0.024508497229331877,0.02115173196431707,0.015782306771373197,0.013473893205652381,0.02621514957236455,0.02565275695624309,0.026218631159469333,0.17066915606677185,0.11343849917182199,0.24881294634021575,0.9824659099021917,0.9728599985721426,-0.009605911330049177,False,True
AF,temperature,M2,ST-MEM,D3,CODE-15%,AF,D4,CPSC2018,AF,1200,1031,1031,28,161,870,0.02447106098949444,0.019786382083832217,0.015584777937938271,0.02115173196431707,0.018720763741289913,0.019554711944773383,0.02621514957236455,0.02561987137213751,0.025430310800113525,0.17066915606677185,0.10521542497713497,0.11194433271301801,0.9824659099021917,0.9824766188334404,1.0708931248659681e-05,True,False
AF,platt,M3,HuBERT-ECG,D3,CODE-15%,AF,D4,CPSC2018,AF,1200,1031,1031,28,161,870,0.05205312571789012,0.03745828121512066,0.046487208672346444,0.04281195906866612,0.04131484463328232,0.05273908990983127,0.06367387909734755,0.06136951872696987,0.06560944873502002,0.285346218493718,0.22073097162087058,0.23491357254702516,0.9432498036695939,0.9432498036695939,0.0,True,False
AF,isotonic,M3,HuBERT-ECG,D3,CODE-15%,AF,D4,CPSC2018,AF,1200,1031,1031,28,161,870,0.05205312571789012,0.02634481191439088,0.05902323780973519,0.04281195906866612,0.034738991286866305,0.039565471578185255,0.06367387909734755,0.06073040771777166,0.06983439221641846,0.285346218493718,0.23175020819074013,0.31088751588484875,0.9432498036695939,0.9405725708574284,-0.0026772328121654754,False,True
AF,temperature,M3,HuBERT-ECG,D3,CODE-15%,AF,D4,CPSC2018,AF,1200,1031,1031,28,161,870,0.05205312571789012,0.039726001296473835,0.03493192074313992,0.04281195906866612,0.040297493623212784,0.03376409869303315,0.06367387909734755,0.06160299288487329,0.061155646432161585,0.285346218493718,0.21838302182641844,0.22407042352318896,0.9432498036695939,0.9429713714571287,-0.0002784322124651517,True,False
AF,platt,M5,ECG-FM,D3,CODE-15%,AF,D4,CPSC2018,AF,1200,1031,1031,28,161,870,0.042487115337570915,0.04932727701668893,0.082951190547457,0.036465052452094505,0.053798955271706944,0.09138068794149022,0.09412900010201411,0.09357166055263512,0.10722219391047551,0.3159947917970033,0.3144468803793073,0.36322634214550736,0.8725066038409366,0.8725066038409367,1.1102230246251565e-16,False,True
AF,isotonic,M5,ECG-FM,D3,CODE-15%,AF,D4,CPSC2018,AF,1200,1031,1031,28,161,870,0.042487115337570915,0.030475192629104256,0.08535481413343159,0.036465052452094505,0.03485710654031182,0.0896001673141421,0.09412900010201411,0.09253724494352851,0.12136087856112077,0.3159947917970033,0.3074640706295508,0.38064781282526106,0.8725066038409366,0.8600485471549941,-0.012458056685942465,False,True
AF,temperature,M5,ECG-FM,D3,CODE-15%,AF,D4,CPSC2018,AF,1200,1031,1031,28,161,870,0.042487115337570915,0.04760887311439949,0.0390065372332923,0.036465052452094505,0.04920229000525149,0.03773368254135248,0.09412900010201411,0.09381515494466942,0.09352917169417133,0.3159947917970033,0.31050417666147917,0.3102278409880229,0.8725066038409366,0.8725066038409366,0.0,True,False
AF,platt,M6,S4D,D3,CODE-15%,AF,D4,CPSC2018,AF,1200,1031,1031,28,161,870,0.03137734659522893,0.05329917831410892,0.11725514757851752,0.04362750269972728,0.05350909733821131,0.11875186488894238,0.11391052583518227,0.11542154995268726,0.14001301101349728,0.37850489211872995,0.3831758649126941,0.49926571875369186,0.7655457985293068,0.7655457985293068,0.0,False,True
AF,isotonic,M6,S4D,D3,CODE-15%,AF,D4,CPSC2018,AF,1200,1031,1031,28,161,870,0.03137734659522893,0.03697169784533596,0.045248785619533154,0.04362750269972728,0.04108022081675976,0.04526994777454594,0.11391052583518227,0.11506283580102632,0.13157632400027555,0.37850489211872995,0.37558663238947626,0.4330652947051266,0.7655457985293068,0.5758013850217747,-0.18974441350753213,False,True
AF,temperature,M6,S4D,D3,CODE-15%,AF,D4,CPSC2018,AF,1200,1031,1031,28,161,870,0.03137734659522893,0.04681431633335094,0.04805180964577074,0.04362750269972728,0.05261989110308166,0.04880187488632283,0.11391052583518227,0.11498304721678007,0.11452315385663496,0.37850489211872995,0.3824849412888202,0.3807611444301716,0.7655457985293068,0.7655457985293068,0.0,False,True
AF,platt,M1,MERL,D3,CODE-15%,AF,D5,MIMIC-IV-ECG,AF,1200,298,301,28,40,261,0.07944342028841792,0.03153690551343722,0.053959642366406164,0.06148693669385463,0.05351076473805543,0.04971671603473916,0.08175865375606153,0.07462116471604703,0.07653830162289299,0.3837324215396205,0.2582983515105283,0.27529323372992964,0.9217432950191571,0.9217432950191571,0.0,False,False
AF,isotonic,M1,MERL,D3,CODE-15%,AF,D5,MIMIC-IV-ECG,AF,1200,298,301,28,40,261,0.07944342028841792,0.043622151760749156,0.03935218076283189,0.06148693669385463,0.028621297901967737,0.03668282334967023,0.08175865375606153,0.07929274246020816,0.07330161936022368,0.3837324215396205,0.3740693800087411,0.2790175897363141,0.9217432950191571,0.910823754789272,-0.01091954022988506,True,False
AF,temperature,M1,MERL,D3,CODE-15%,AF,D5,MIMIC-IV-ECG,AF,1200,298,301,28,40,261,0.07944342028841792,0.05577846832195535,0.06669923749221086,0.06148693669385463,0.047382629258150115,0.05474654145889009,0.08175865375606153,0.07534233952678478,0.07844726671411066,0.3837324215396205,0.2679052739726124,0.31862457327380916,0.9217432950191571,0.9217432950191571,0.0,True,False
AF,platt,M2,ST-MEM,D3,CODE-15%,AF,D5,MIMIC-IV-ECG,AF,1200,298,301,28,40,261,0.05109421988225982,0.05252457138430195,0.05850211707211412,0.04285918296127449,0.057433016196393176,0.05410093468898065,0.04628089332606504,0.04797435884429101,0.04782761844033345,0.20348699205829357,0.207528830681262,0.24780965108379477,0.9612068965517242,0.9612068965517242,0.0,False,True
AF,isotonic,M2,ST-MEM,D3,CODE-15%,AF,D5,MIMIC-IV-ECG,AF,1200,298,301,28,40,261,0.05109421988225982,0.04389372481371551,0.04076670330171809,0.04285918296127449,0.03905715000986255,0.03667260618436518,0.04628089332606504,0.04421410552943924,0.04721561807593889,0.20348699205829357,0.19754195693744353,0.3183370654884505,0.9612068965517242,0.9255747126436782,-0.03563218390804601,True,False
AF,temperature,M2,ST-MEM,D3,CODE-15%,AF,D5,MIMIC-IV-ECG,AF,1200,298,301,28,40,261,0.05109421988225982,0.029247252882352637,0.040538505476611204,0.04285918296127449,0.030931664182044627,0.033505781733702084,0.04628089332606504,0.042340662389359233,0.04266101309092479,0.20348699205829357,0.14658695840025998,0.14922403087493483,0.9612068965517242,0.9612068965517242,0.0,False,False
AF,platt,M3,HuBERT-ECG,D3,CODE-15%,AF,D5,MIMIC-IV-ECG,AF,1200,298,301,28,40,261,0.08015701982685866,0.058873774282863486,0.08886402276020476,0.07193652819542976,0.0747414026692939,0.08618491920416038,0.0929127368557013,0.09002064900280617,0.09433350733527499,0.36289764843085054,0.3219759033972728,0.3746255327924851,0.8600574712643678,0.8600574712643678,0.0,False,True
AF,isotonic,M3,HuBERT-ECG,D3,CODE-15%,AF,D5,MIMIC-IV-ECG,AF,1200,298,301,28,40,261,0.08015701982685866,0.040568354980018644,0.05806490104750772,0.07193652819542976,0.04875578839792704,0.06226808035607802,0.0929127368557013,0.08654165873897389,0.0909121600925369,0.36289764843085054,0.28936389421967856,0.3147627968610698,0.8600574712643678,0.853256704980843,-0.006800766283524773,False,False
AF,temperature,M3,HuBERT-ECG,D3,CODE-15%,AF,D5,MIMIC-IV-ECG,AF,1200,298,301,28,40,261,0.08015701982685866,0.05260840709326762,0.05358111238117537,0.07193652819542976,0.04274145404465136,0.05014288621414552,0.0929127368557013,0.08572844391803516,0.08679317119491478,0.36289764843085054,0.27751359855839897,0.2847042967353946,0.8600574712643678,0.8600574712643678,0.0,True,False
AF,platt,M5,ECG-FM,D3,CODE-15%,AF,D5,MIMIC-IV-ECG,AF,1200,298,301,28,40,261,0.08401880441145665,0.03731314552401473,0.08064969852706241,0.08197727394230926,0.05244203089173336,0.07928081230057997,0.1126599127688438,0.10263107962621902,0.10740162755359661,0.4495640090616118,0.3514118589489842,0.3994627152963392,0.7456896551724138,0.7456896551724138,0.0,False,False
AF,isotonic,M5,ECG-FM,D3,CODE-15%,AF,D5,MIMIC-IV-ECG,AF,1200,298,301,28,40,261,0.08401880441145665,0.030038375210874085,0.07134994724755883,0.08197727394230926,0.0773309395065598,0.09135022324546402,0.1126599127688438,0.10418975549650515,0.11273405325418145,0.4495640090616118,0.42776645968248095,0.40511663476095444,0.7456896551724138,0.744971264367816,-0.0007183908045977905,False,False
AF,temperature,M5,ECG-FM,D3,CODE-15%,AF,D5,MIMIC-IV-ECG,AF,1200,298,301,28,40,261,0.08401880441145665,0.07997095804352233,0.08280636202284819,0.08197727394230926,0.07861212527575659,0.08021623072462687,0.1126599127688438,0.11101475197459092,0.1117789005992982,0.4495640090616118,0.3879187822374037,0.42305308464495334,0.7456896551724138,0.7456896551724138,0.0,True,False
AF,platt,M6,S4D,D3,CODE-15%,AF,D5,MIMIC-IV-ECG,AF,1200,298,301,28,40,261,0.04151317950850192,0.048189672598631994,0.10232470319719131,0.04158494200338435,0.06966172695689651,0.10412831015357003,0.10883302012967995,0.113533054093913,0.12358717913481608,0.36081773262288624,0.38411491777402,0.4680955147298497,0.7172413793103448,0.7172413793103448,0.0,False,True
AF,isotonic,M6,S4D,D3,CODE-15%,AF,D5,MIMIC-IV-ECG,AF,1200,298,301,28,40,261,0.04151317950850192,0.043280288665807395,0.037112964591110416,0.04158494200338435,0.06815840058710865,0.07525393588224033,0.10883302012967995,0.11125432332909893,0.11308202741507026,0.36081773262288624,0.37317584830852785,0.3781140846663763,0.7172413793103448,0.6309865900383141,-0.08625478927203067,True,False
AF,temperature,M6,S4D,D3,CODE-15%,AF,D5,MIMIC-IV-ECG,AF,1200,298,301,28,40,261,0.04151317950850192,0.042568169999531294,0.04852838717257324,0.04158494200338435,0.03996017102296313,0.040096696693417824,0.10883302012967995,0.10828111045998448,0.1083483602706299,0.36081773262288624,0.3588721905375138,0.35899044888319226,0.7172413793103448,0.7172413793103448,0.0,False,True
AF,platt,M1,MERL,D4,CPSC2018,AF,D3,CODE-15%,AF,1031,1200,1197,207,17,1180,0.0104766600502743,0.010831613529815898,0.02067569966906415,0.017247096780191096,0.009635624995236075,0.020420392034262404,0.014482273514030728,0.012922716603328619,0.014229870824859745,0.07477175122035244,0.06183977836767994,0.06983290069250177,0.7901296111665005,0.7901296111665005,0.0,False,True
AF,isotonic,M1,MERL,D4,CPSC2018,AF,D3,CODE-15%,AF,1031,1200,1197,207,17,1180,0.0104766600502743,0.006021031572305719,0.01448545223878984,0.017247096780191096,0.012441735944128935,0.02013279373751931,0.014482273514030728,0.013189776011203271,0.014516653792795976,0.07477175122035244,0.07693077543966886,0.07009386324883768,0.7901296111665005,0.7800847457627119,-0.010044865403788572,False,True
AF,temperature,M1,MERL,D4,CPSC2018,AF,D3,CODE-15%,AF,1031,1200,1197,207,17,1180,0.0104766600502743,0.017641352256258996,0.019001813318599788,0.017247096780191096,0.02348628290875239,0.024699061839814608,0.014482273514030728,0.015161718075909061,0.015281140597384568,0.07477175122035244,0.07375001853796977,0.07422837876741396,0.7901296111665005,0.7901296111665005,0.0,False,True
AF,platt,M2,ST-MEM,D4,CPSC2018,AF,D3,CODE-15%,AF,1031,1200,1197,207,17,1180,0.008410261141081612,0.004356792956740036,0.01635963185993655,0.001823669348671083,0.006481009965611377,0.012689507871243642,0.007438296682256552,0.007585396011992013,0.008076532546913326,0.03622272918535181,0.034904498763202174,0.04157478398314796,0.972382851445663,0.9723828514456629,-1.1102230246251565e-16,False,True
AF,isotonic,M2,ST-MEM,D4,CPSC2018,AF,D3,CODE-15%,AF,1031,1200,1197,207,17,1180,0.008410261141081612,0.003924537181284886,0.00791989149020265,0.001823669348671083,0.0014284197437717384,0.005024001223658923,0.007438296682256552,0.006378436378172721,0.007295688013599805,0.03622272918535181,0.030114835492921474,0.027873549231366365,0.972382851445663,0.9785144566301096,0.0061316051844465536,False,False
AF,temperature,M2,ST-MEM,D4,CPSC2018,AF,D3,CODE-15%,AF,1031,1200,1197,207,17,1180,0.008410261141081612,0.0070086427956853785,0.0111014735420005,0.001823669348671083,0.004593513867404019,0.008371939798998735,0.007438296682256552,0.006736913321422232,0.006740520699028346,0.03622272918535181,0.026704040598358056,0.02817059683631676,0.972382851445663,0.9723828514456632,1.1102230246251565e-16,False,True
AF,platt,M3,HuBERT-ECG,D4,CPSC2018,AF,D3,CODE-15%,AF,1031,1200,1197,207,17,1180,0.01883287847707831,0.008435121225040176,0.04058971877689577,0.01836359907869503,0.012654206147796145,0.04006683571576139,0.017390526531909267,0.013162586692419207,0.01685053976921614,0.09001503555582342,0.06487328443075979,0.08994134491501146,0.888085742771685,0.888085742771685,0.0,False,True
AF,isotonic,M3,HuBERT-ECG,D4,CPSC2018,AF,D3,CODE-15%,AF,1031,1200,1197,207,17,1180,0.01883287847707831,0.007329793631197951,0.02879780451489258,0.01836359907869503,0.01180236315500669,0.02769909404876701,0.017390526531909267,0.014691791028686252,0.01804672530355588,0.09001503555582342,0.07349212847132972,0.0876630363983902,0.888085742771685,0.8898803589232304,0.001794616151545414,False,True
AF,temperature,M3,HuBERT-ECG,D4,CPSC2018,AF,D3,CODE-15%,AF,1031,1200,1197,207,17,1180,0.01883287847707831,0.020786579910207357,0.03423994556835312,0.01836359907869503,0.024148575824531428,0.033304185743028444,0.017390526531909267,0.018112963385803392,0.01944464668945424,0.09001503555582342,0.07651891471098649,0.08243609653430252,0.888085742771685,0.888085742771685,0.0,False,True
AF,platt,M5,ECG-FM,D4,CPSC2018,AF,D3,CODE-15%,AF,1031,1200,1197,207,17,1180,0.01236837029827106,0.009470925492230458,0.060435886553385776,0.02186319163228816,0.013480853142337405,0.060435886553385776,0.019740597465691657,0.015132576899234605,0.02123182257546125,0.10199412446234733,0.07806326201236104,0.11832120223534334,0.6207377866400798,0.6207377866400798,0.0,False,True
AF,isotonic,M5,ECG-FM,D4,CPSC2018,AF,D3,CODE-15%,AF,1031,1200,1197,207,17,1180,0.01236837029827106,0.007259191838442496,0.03402958873030868,0.02186319163228816,0.016339062767840064,0.038661861822411644,0.019740597465691657,0.014463550106307463,0.020012872809407806,0.10199412446234733,0.08523831504118676,0.11702212379131846,0.6207377866400798,0.6372881355932204,0.01655034895314056,False,True
AF,temperature,M5,ECG-FM,D4,CPSC2018,AF,D3,CODE-15%,AF,1031,1200,1197,207,17,1180,0.01236837029827106,0.01958161238482586,0.03566803950974564,0.02186319163228816,0.026958086158151807,0.0413111053637598,0.019740597465691657,0.02003876101949454,0.021130590704832718,0.10199412446234733,0.10118656357223033,0.10692146753158613,0.6207377866400798,0.6207377866400798,0.0,False,True
AF,platt,M6,S4D,D4,CPSC2018,AF,D3,CODE-15%,AF,1031,1200,1197,207,17,1180,0.007174126111878134,0.008829028741845747,0.062371714410184,0.01400082760262921,0.014300175500560359,0.062371714410184,0.014378537200355583,0.014064995097483025,0.017991157343204094,0.08286192028335262,0.07618798719306236,0.11452961734002079,0.6317048853439682,0.6317048853439682,0.0,False,True
AF,isotonic,M6,S4D,D4,CPSC2018,AF,D3,CODE-15%,AF,1031,1200,1197,207,17,1180,0.007174126111878134,0.00819038896348191,0.03326777760048851,0.01400082760262921,0.014525299323160068,0.035569128461918814,0.014378537200355583,0.014189848868038573,0.015470827422738202,0.08286192028335262,0.07521137699304568,0.09147112207530259,0.6317048853439682,0.5182452642073779,-0.11345962113659025,False,True
AF,temperature,M6,S4D,D4,CPSC2018,AF,D3,CODE-15%,AF,1031,1200,1197,207,17,1180,0.007174126111878134,0.013041010070927995,0.016321125554981424,0.01400082760262921,0.017561910649192502,0.02029769024921679,0.014378537200355583,0.01459203958889442,0.014743738858488993,0.08286192028335262,0.0844783347378027,0.0858225658897394,0.6317048853439682,0.6317048853439682,0.0,False,True
AF,platt,M1,MERL,D4,CPSC2018,AF,D5,MIMIC-IV-ECG,AF,1031,298,301,207,40,261,0.07944342028841792,0.03153690551343722,0.06398673407106692,0.06148693669385463,0.05351076473805543,0.07449975431052056,0.08175865375606153,0.07462116471604703,0.08255162673442042,0.3837324215396205,0.2582983515105283,0.2925518121968735,0.9217432950191571,0.9217432950191571,0.0,False,False
AF,isotonic,M1,MERL,D4,CPSC2018,AF,D5,MIMIC-IV-ECG,AF,1031,298,301,207,40,261,0.07944342028841792,0.043622151760749156,0.0715777992769647,0.06148693669385463,0.028621297901967737,0.05789550137350176,0.08175865375606153,0.07929274246020816,0.08396953962877708,0.3837324215396205,0.3740693800087411,0.45455889501755187,0.9217432950191571,0.9203544061302682,-0.001388888888888884,False,False
AF,temperature,M1,MERL,D4,CPSC2018,AF,D5,MIMIC-IV-ECG,AF,1031,298,301,207,40,261,0.07944342028841792,0.05577846832195535,0.06370450897128294,0.06148693669385463,0.047382629258150115,0.05398640743379789,0.08175865375606153,0.07534233952678478,0.0781706741588786,0.3837324215396205,0.2679052739726124,0.31397757679342986,0.9217432950191571,0.9217432950191571,0.0,True,False
AF,platt,M2,ST-MEM,D4,CPSC2018,AF,D5,MIMIC-IV-ECG,AF,1031,298,301,207,40,261,0.05109421988225982,0.05252457138430195,0.04411433154169355,0.04285918296127449,0.057433016196393176,0.049521585951272123,0.04628089332606504,0.04797435884429101,0.0471303780907043,0.20348699205829357,0.207528830681262,0.19325409706466692,0.9612068965517242,0.9612068965517242,0.0,True,False
AF,isotonic,M2,ST-MEM,D4,CPSC2018,AF,D5,MIMIC-IV-ECG,AF,1031,298,301,207,40,261,0.05109421988225982,0.04389372481371551,0.018950596752042585,0.04285918296127449,0.03905715000986255,0.023853660042043045,0.04628089332606504,0.04421410552943924,0.040564181922167035,0.20348699205829357,0.19754195693744353,0.1461483156032285,0.9612068965517242,0.9580938697318007,-0.0031130268199235367,True,False
AF,temperature,M2,ST-MEM,D4,CPSC2018,AF,D5,MIMIC-IV-ECG,AF,1031,298,301,207,40,261,0.05109421988225982,0.029247252882352637,0.030494916910658892,0.04285918296127449,0.030931664182044627,0.03086901850095842,0.04628089332606504,0.042340662389359233,0.0423541008679552,0.20348699205829357,0.14658695840025998,0.14673358713401882,0.9612068965517242,0.9612068965517242,0.0,True,False
AF,platt,M3,HuBERT-ECG,D4,CPSC2018,AF,D5,MIMIC-IV-ECG,AF,1031,298,301,207,40,261,0.08015701982685866,0.058873774282863486,0.0466148615894907,0.07193652819542976,0.0747414026692939,0.06918466011727763,0.0929127368557013,0.09002064900280617,0.09007138309351441,0.36289764843085054,0.3219759033972728,0.31703142921564614,0.8600574712643678,0.8600574712643678,0.0,True,False
AF,isotonic,M3,HuBERT-ECG,D4,CPSC2018,AF,D5,MIMIC-IV-ECG,AF,1031,298,301,207,40,261,0.08015701982685866,0.040568354980018644,0.04899002574153766,0.07193652819542976,0.04875578839792704,0.05612583603043924,0.0929127368557013,0.08654165873897389,0.08749841060723756,0.36289764843085054,0.28936389421967856,0.28806746992933796,0.8600574712643678,0.8543103448275863,-0.005747126436781547,True,False
AF,temperature,M3,HuBERT-ECG,D4,CPSC2018,AF,D5,MIMIC-IV-ECG,AF,1031,298,301,207,40,261,0.08015701982685866,0.05260840709326762,0.03333233397086498,0.07193652819542976,0.04274145404465136,0.04121426340827759,0.0929127368557013,0.08572844391803516,0.08556497403033628,0.36289764843085054,0.27751359855839897,0.2769624102526275,0.8600574712643678,0.8600574712643678,0.0,True,False
AF,platt,M4,ECGFM-KED,D4,CPSC2018,AF,D5,MIMIC-IV-ECG,AF,1031,298,301,207,40,261,0.06935620949095339,0.06487742065580457,0.054987310234042096,0.07614856513129033,0.06713345729579487,0.07266399341782151,0.12388326186098719,0.11900770320401864,0.1242193781345025,0.4506646023885453,0.39600368908949457,0.408546457116603,0.6574712643678161,0.6574712643678161,0.0,True,False
AF,isotonic,M4,ECGFM-KED,D4,CPSC2018,AF,D5,MIMIC-IV-ECG,AF,1031,298,301,207,40,261,0.06935620949095339,0.0715607968811517,0.06754984485130003,0.07614856513129033,0.0606085991875751,0.07618662750604951,0.12388326186098719,0.11820536286024093,0.1218538766109961,0.4506646023885453,0.3994400279186563,0.5330506016817437,0.6574712643678161,0.6547413793103448,-0.002729885057471293,True,False
AF,temperature,M4,ECGFM-KED,D4,CPSC2018,AF,D5,MIMIC-IV-ECG,AF,1031,298,301,207,40,261,0.06935620949095339,0.06751547212080422,0.061996619757657724,0.07614856513129033,0.0790235719364993,0.07817011968892676,0.12388326186098719,0.12269132570146993,0.1228620078441764,0.4506646023885453,0.4318496809754929,0.43518975460856973,0.6574712643678161,0.6574712643678161,0.0,True,False
AF,platt,M5,ECG-FM,D4,CPSC2018,AF,D5,MIMIC-IV-ECG,AF,1031,298,301,207,40,261,0.08401880441145665,0.03731314552401473,0.0627080213724899,0.08197727394230926,0.05244203089173336,0.0648269693725903,0.1126599127688438,0.10263107962621902,0.1063311859496412,0.4495640090616118,0.3514118589489842,0.36130330167153357,0.7456896551724138,0.7456896551724138,0.0,False,False
AF,isotonic,M5,ECG-FM,D4,CPSC2018,AF,D5,MIMIC-IV-ECG,AF,1031,298,301,207,40,261,0.08401880441145665,0.030038375210874085,0.0778030866544592,0.08197727394230926,0.0773309395065598,0.07786748900075527,0.1126599127688438,0.10418975549650515,0.11039648084589572,0.4495640090616118,0.42776645968248095,0.42204081799371224,0.7456896551724138,0.7359674329501916,-0.009722222222222188,False,False
AF,temperature,M5,ECG-FM,D4,CPSC2018,AF,D5,MIMIC-IV-ECG,AF,1031,298,301,207,40,261,0.08401880441145665,0.07997095804352233,0.07437882510493005,0.08197727394230926,0.07861212527575659,0.07851054996371876,0.1126599127688438,0.11101475197459092,0.11100707575400694,0.4495640090616118,0.3879187822374037,0.3963043554754833,0.7456896551724138,0.7456896551724138,0.0,True,False
AF,platt,M6,S4D,D4,CPSC2018,AF,D5,MIMIC-IV-ECG,AF,1031,298,301,207,40,261,0.04151317950850192,0.048189672598631994,0.043647068840323225,0.04158494200338435,0.06966172695689651,0.052160179869691986,0.10883302012967995,0.113533054093913,0.1106764060228377,0.36081773262288624,0.38411491777402,0.36926229795653354,0.7172413793103448,0.7172413793103448,0.0,False,True
AF,isotonic,M6,S4D,D4,CPSC2018,AF,D5,MIMIC-IV-ECG,AF,1031,298,301,207,40,261,0.04151317950850192,0.043280288665807395,0.05064335369731085,0.04158494200338435,0.06815840058710865,0.05380389025780582,0.10883302012967995,0.11125432332909893,0.11090462955684792,0.36081773262288624,0.37317584830852785,0.36633956534754974,0.7172413793103448,0.7171934865900383,-4.7892720306474956e-05,False,True
AF,temperature,M6,S4D,D4,CPSC2018,AF,D5,MIMIC-IV-ECG,AF,1031,298,301,207,40,261,0.04151317950850192,0.042568169999531294,0.037485454556980234,0.04158494200338435,0.03996017102296313,0.03986530620086667,0.10883302012967995,0.10828111045998448,0.10825293509976346,0.36081773262288624,0.3588721905375138,0.35889314865875493,0.7172413793103448,0.7172413793103448,0.0,True,False
AF,platt,M1,MERL,D5,MIMIC-IV-ECG,AF,D3,CODE-15%,AF,298,1200,1197,29,17,1180,0.0104766600502743,0.010831613529815898,0.025395801669742053,0.017247096780191096,0.009635624995236075,0.022972349347644506,0.014482273514030728,0.012922716603328619,0.013163506956500776,0.07477175122035244,0.06183977836767994,0.07211174361504959,0.7901296111665005,0.7901296111665005,0.0,False,True
AF,isotonic,M1,MERL,D5,MIMIC-IV-ECG,AF,D3,CODE-15%,AF,298,1200,1197,29,17,1180,0.0104766600502743,0.006021031572305719,0.017212658740358926,0.017247096780191096,0.012441735944128935,0.022732151332665523,0.014482273514030728,0.013189776011203271,0.013950917663887778,0.07477175122035244,0.07693077543966886,0.10315530253544292,0.7901296111665005,0.7794616151545364,-0.01066799601196411,False,True
AF,temperature,M1,MERL,D5,MIMIC-IV-ECG,AF,D3,CODE-15%,AF,298,1200,1197,29,17,1180,0.0104766600502743,0.017641352256258996,0.054246134869007534,0.017247096780191096,0.02348628290875239,0.054600724731914185,0.014482273514030728,0.015161718075909061,0.019878680640234906,0.07477175122035244,0.07375001853796977,0.09971611355729511,0.7901296111665005,0.7901296111665005,0.0,False,True
AF,platt,M2,ST-MEM,D5,MIMIC-IV-ECG,AF,D3,CODE-15%,AF,298,1200,1197,29,17,1180,0.008410261141081612,0.004356792956740036,0.013905099534355342,0.001823669348671083,0.006481009965611377,0.014086564742808253,0.007438296682256552,0.007585396011992013,0.0074832627494390075,0.03622272918535181,0.034904498763202174,0.038846097869837136,0.972382851445663,0.9723828514456629,-1.1102230246251565e-16,False,True
AF,isotonic,M2,ST-MEM,D5,MIMIC-IV-ECG,AF,D3,CODE-15%,AF,298,1200,1197,29,17,1180,0.008410261141081612,0.003924537181284886,0.003320409934160399,0.001823669348671083,0.0014284197437717384,0.001670399111882179,0.007438296682256552,0.006378436378172721,0.007636985939291456,0.03622272918535181,0.030114835492921474,0.036224524838756635,0.972382851445663,0.9616151545363908,-0.010767696909272262,True,False
AF,temperature,M2,ST-MEM,D5,MIMIC-IV-ECG,AF,D3,CODE-15%,AF,298,1200,1197,29,17,1180,0.008410261141081612,0.0070086427956853785,0.010892431883323502,0.001823669348671083,0.004593513867404019,0.008130019821436968,0.007438296682256552,0.006736913321422232,0.006732697618087229,0.03622272918535181,0.026704040598358056,0.028000551559681244,0.972382851445663,0.9723828514456632,1.1102230246251565e-16,False,True
AF,platt,M3,HuBERT-ECG,D5,MIMIC-IV-ECG,AF,D3,CODE-15%,AF,298,1200,1197,29,17,1180,0.01883287847707831,0.008435121225040176,0.03489336316920007,0.01836359907869503,0.012654206147796145,0.033207010721429585,0.017390526531909267,0.013162586692419207,0.014334543713457007,0.09001503555582342,0.06487328443075979,0.08162127447959193,0.888085742771685,0.888085742771685,0.0,False,True
AF,isotonic,M3,HuBERT-ECG,D5,MIMIC-IV-ECG,AF,D3,CODE-15%,AF,298,1200,1197,29,17,1180,0.01883287847707831,0.007329793631197951,0.013279885838285268,0.01836359907869503,0.01180236315500669,0.013497238986341385,0.017390526531909267,0.014691791028686252,0.014940735885436335,0.09001503555582342,0.07349212847132972,0.07634861020956192,0.888085742771685,0.8508225324027916,-0.03726321036889335,False,False
AF,temperature,M3,HuBERT-ECG,D5,MIMIC-IV-ECG,AF,D3,CODE-15%,AF,298,1200,1197,29,17,1180,0.01883287847707831,0.020786579910207357,0.02894697188320111,0.01836359907869503,0.024148575824531428,0.029556540201861048,0.017390526531909267,0.018112963385803392,0.018926658502118953,0.09001503555582342,0.07651891471098649,0.07961580227659017,0.888085742771685,0.888085742771685,0.0,False,True
AF,platt,M5,ECG-FM,D5,MIMIC-IV-ECG,AF,D3,CODE-15%,AF,298,1200,1197,29,17,1180,0.01236837029827106,0.009470925492230458,0.05029564981340279,0.02186319163228816,0.013480853142337405,0.050295649813402794,0.019740597465691657,0.015132576899234605,0.01731398064192569,0.10199412446234733,0.07806326201236104,0.10499218765584799,0.6207377866400798,0.6207377866400798,0.0,False,True
AF,isotonic,M5,ECG-FM,D5,MIMIC-IV-ECG,AF,D3,CODE-15%,AF,298,1200,1197,29,17,1180,0.01236837029827106,0.007259191838442496,0.023109495462108363,0.02186319163228816,0.016339062767840064,0.031396250886191475,0.019740597465691657,0.014463550106307463,0.016721243933335538,0.10199412446234733,0.08523831504118676,0.13335103048821773,0.6207377866400798,0.6199152542372882,-0.0008225324027916203,False,True
AF,temperature,M5,ECG-FM,D5,MIMIC-IV-ECG,AF,D3,CODE-15%,AF,298,1200,1197,29,17,1180,0.01236837029827106,0.01958161238482586,0.04674292312710515,0.02186319163228816,0.026958086158151807,0.05173035551132303,0.019740597465691657,0.02003876101949454,0.02221196376488145,0.10199412446234733,0.10118656357223033,0.11363759977703898,0.6207377866400798,0.6207377866400798,0.0,False,True
AF,platt,M6,S4D,D5,MIMIC-IV-ECG,AF,D3,CODE-15%,AF,298,1200,1197,29,17,1180,0.007174126111878134,0.008829028741845747,0.061397273406742454,0.01400082760262921,0.014300175500560359,0.061397273406742454,0.014378537200355583,0.014064995097483025,0.01774696261353006,0.08286192028335262,0.07618798719306236,0.11391229449397813,0.6317048853439682,0.6317048853439682,0.0,False,True
AF,isotonic,M6,S4D,D5,MIMIC-IV-ECG,AF,D3,CODE-15%,AF,298,1200,1197,29,17,1180,0.007174126111878134,0.00819038896348191,0.03843599386014716,0.01400082760262921,0.014525299323160068,0.03843599386014716,0.014378537200355583,0.014189848868038573,0.01566558657678218,0.08286192028335262,0.07521137699304568,0.1054857609464715,0.6317048853439682,0.5358673978065802,-0.09583748753738797,False,True
AF,temperature,M6,S4D,D5,MIMIC-IV-ECG,AF,D3,CODE-15%,AF,298,1200,1197,29,17,1180,0.007174126111878134,0.013041010070927995,0.014904254777294599,0.01400082760262921,0.017561910649192502,0.018991170476779253,0.014378537200355583,0.01459203958889442,0.014675397260803764,0.08286192028335262,0.0844783347378027,0.08521026045355146,0.6317048853439682,0.6317048853439682,0.0,False,True
AF,platt,M1,MERL,D5,MIMIC-IV-ECG,AF,D4,CPSC2018,AF,298,1031,1031,29,161,870,0.03365416256241724,0.03155017383516269,0.05831806558993323,0.02740352202652491,0.028266841089578082,0.06632389019969909,0.04716071244449467,0.04753197172993771,0.0557042276284935,0.18913046801232233,0.17243860592111762,0.19457299456326618,0.9645891340044263,0.9645891340044263,0.0,False,True
AF,isotonic,M1,MERL,D5,MIMIC-IV-ECG,AF,D4,CPSC2018,AF,298,1031,1031,29,161,870,0.03365416256241724,0.028736732723907085,0.0644072561224047,0.02740352202652491,0.021134515113965687,0.05727294569641349,0.04716071244449467,0.04760095412580056,0.0614439622284895,0.18913046801232233,0.2034538683144417,0.24362564376418205,0.9645891340044263,0.9621582066109803,-0.0024309273934459696,False,True
AF,temperature,M1,MERL,D5,MIMIC-IV-ECG,AF,D4,CPSC2018,AF,298,1031,1031,29,161,870,0.03365416256241724,0.03546447060418413,0.06957177037616401,0.02740352202652491,0.02629297971813463,0.056830562514391204,0.04716071244449467,0.04724051055819443,0.05168912036704043,0.18913046801232233,0.17746460909112027,0.1957449211352206,0.9645891340044263,0.9645891340044263,0.0,False,True
AF,platt,M2,ST-MEM,D5,MIMIC-IV-ECG,AF,D4,CPSC2018,AF,298,1031,1031,29,161,870,0.02447106098949444,0.014048769882445068,0.02516366036639178,0.02115173196431707,0.018404528424017883,0.031323919854909704,0.02621514957236455,0.025955115555244938,0.02735790054340844,0.17066915606677185,0.1093247095723121,0.11485730165645022,0.9824659099021917,0.9824659099021917,0.0,False,True
AF,isotonic,M2,ST-MEM,D5,MIMIC-IV-ECG,AF,D4,CPSC2018,AF,298,1031,1031,29,161,870,0.02447106098949444,0.01285026852636957,0.018179299972682004,0.02115173196431707,0.015782306771373197,0.013056305677439938,0.02621514957236455,0.02565275695624309,0.027046092328747023,0.17066915606677185,0.11343849917182199,0.15595823288666252,0.9824659099021917,0.9795316627400584,-0.0029342471621333077,False,False
AF,temperature,M2,ST-MEM,D5,MIMIC-IV-ECG,AF,D4,CPSC2018,AF,298,1031,1031,29,161,870,0.02447106098949444,0.019786382083832217,0.01707197284682642,0.02115173196431707,0.018720763741289913,0.018547826058512115,0.02621514957236455,0.02561987137213751,0.02559719901761305,0.17066915606677185,0.10521542497713497,0.10527815995220842,0.9824659099021917,0.9824766188334404,1.0708931248659681e-05,True,False
AF,platt,M3,HuBERT-ECG,D5,MIMIC-IV-ECG,AF,D4,CPSC2018,AF,298,1031,1031,29,161,870,0.05205312571789012,0.03745828121512066,0.037899638351165575,0.04281195906866612,0.04131484463328232,0.05320406873008911,0.06367387909734755,0.06136951872696987,0.06300195039810005,0.285346218493718,0.22073097162087058,0.2240861265350077,0.9432498036695939,0.9432498036695939,0.0,True,False
AF,isotonic,M3,HuBERT-ECG,D5,MIMIC-IV-ECG,AF,D4,CPSC2018,AF,298,1031,1031,29,161,870,0.05205312571789012,0.02634481191439088,0.025961358075253224,0.04281195906866612,0.034738991286866305,0.02998492303504297,0.06367387909734755,0.06073040771777166,0.06180757220995686,0.285346218493718,0.23175020819074013,0.31343570189272685,0.9432498036695939,0.9394873991575641,-0.0037624045120298044,True,False
AF,temperature,M3,HuBERT-ECG,D5,MIMIC-IV-ECG,AF,D4,CPSC2018,AF,298,1031,1031,29,161,870,0.05205312571789012,0.039726001296473835,0.03358187556840291,0.04281195906866612,0.040297493623212784,0.0376005267771026,0.06367387909734755,0.06160299288487329,0.061288937129246025,0.285346218493718,0.21838302182641844,0.21863014430240926,0.9432498036695939,0.9429713714571287,-0.0002784322124651517,True,False
AF,platt,M4,ECGFM-KED,D5,MIMIC-IV-ECG,AF,D4,CPSC2018,AF,298,1031,1031,29,161,870,0.025353947599459557,0.040685070005948586,0.05052106167073952,0.029307786777818434,0.04216114530066993,0.053079155229749465,0.09969690324517201,0.1008301001554591,0.1028631239335615,0.331188799172695,0.3371973766942342,0.3407833586463794,0.8370457628328694,0.8370457628328692,-1.1102230246251565e-16,False,True
AF,isotonic,M4,ECGFM-KED,D5,MIMIC-IV-ECG,AF,D4,CPSC2018,AF,298,1031,1031,29,161,870,0.025353947599459557,0.03090614793596381,0.02303890396219127,0.029307786777818434,0.037912008527703774,0.02828649614462079,0.09969690324517201,0.1001389193377576,0.10175524413580658,0.331188799172695,0.34883705818768035,0.33381436440138645,0.8370457628328694,0.8266830870279145,-0.010362675804954868,True,False
AF,temperature,M4,ECGFM-KED,D5,MIMIC-IV-ECG,AF,D4,CPSC2018,AF,298,1031,1031,29,161,870,0.025353947599459557,0.03721574997081035,0.04162835536317636,0.029307786777818434,0.038098829384156825,0.041930269001973004,0.09969690324517201,0.10017370225631837,0.10044263023580566,0.331188799172695,0.33242103679314117,0.3334504584987681,0.8370457628328694,0.8370457628328694,0.0,False,True
AF,platt,M5,ECG-FM,D5,MIMIC-IV-ECG,AF,D4,CPSC2018,AF,298,1031,1031,29,161,870,0.042487115337570915,0.04932727701668893,0.07444111663108603,0.036465052452094505,0.053798955271706944,0.0812212682791574,0.09412900010201411,0.09357166055263512,0.10275639818544813,0.3159947917970033,0.3144468803793073,0.33627653404066626,0.8725066038409366,0.8725066038409367,1.1102230246251565e-16,False,True
AF,isotonic,M5,ECG-FM,D5,MIMIC-IV-ECG,AF,D4,CPSC2018,AF,298,1031,1031,29,161,870,0.042487115337570915,0.030475192629104256,0.04109933332731145,0.036465052452094505,0.03485710654031182,0.0509527805723057,0.09412900010201411,0.09253724494352851,0.10100142018555698,0.3159947917970033,0.3074640706295508,0.32855823762552866,0.8725066038409366,0.8659777254230027,-0.006528878417933925,False,False
AF,temperature,M5,ECG-FM,D5,MIMIC-IV-ECG,AF,D4,CPSC2018,AF,298,1031,1031,29,161,870,0.042487115337570915,0.04760887311439949,0.058139472211011664,0.036465052452094505,0.04920229000525149,0.05861046553801596,0.09412900010201411,0.09381515494466942,0.09469089724089108,0.3159947917970033,0.31050417666147917,0.3147235734433188,0.8725066038409366,0.8725066038409366,0.0,False,True
AF,platt,M6,S4D,D5,MIMIC-IV-ECG,AF,D4,CPSC2018,AF,298,1031,1031,29,161,870,0.03137734659522893,0.05329917831410892,0.05091222436596829,0.04362750269972728,0.05350909733821131,0.07987788305239718,0.11391052583518227,0.11542154995268726,0.1255592378909081,0.37850489211872995,0.3831758649126941,0.40896626310267126,0.7655457985293068,0.7655457985293068,0.0,False,True
AF,isotonic,M6,S4D,D5,MIMIC-IV-ECG,AF,D4,CPSC2018,AF,298,1031,1031,29,161,870,0.03137734659522893,0.03697169784533596,0.053967311692799017,0.04362750269972728,0.04108022081675976,0.06496985658195491,0.11391052583518227,0.11506283580102632,0.12177734928023884,0.37850489211872995,0.37558663238947626,0.3922972698439532,0.7655457985293068,0.7586920825301635,-0.006853715999143306,False,True
AF,temperature,M6,S4D,D5,MIMIC-IV-ECG,AF,D4,CPSC2018,AF,298,1031,1031,29,161,870,0.03137734659522893,0.04681431633335094,0.04796851810201598,0.04362750269972728,0.05261989110308166,0.05075998481366286,0.11391052583518227,0.11498304721678007,0.11477601900807749,0.37850489211872995,0.3824849412888202,0.38171048860760304,0.7655457985293068,0.7655457985293068,0.0,False,True
NORM,platt,M1,MERL,D1,PTB-XL,NORM,D3,CODE-15%,NORM,297,1200,1197,125,459,738,0.06800183092833632,0.05964444473944323,0.059328370520705276,0.06918091398167951,0.06399993173738901,0.06823556269962713,0.2104643966281245,0.2078130344303157,0.209168544438641,0.6091033151132086,0.5995102636313737,0.6013922823490626,0.7113319281340962,0.7113319281340962,0.0,True,False
NORM,isotonic,M1,MERL,D1,PTB-XL,NORM,D3,CODE-15%,NORM,297,1200,1197,125,459,738,0.06800183092833632,0.044487709660817144,0.09579655345923693,0.06918091398167951,0.05114448502858789,0.09339846435546588,0.2104643966281245,0.2057878097019834,0.21794379926574634,0.6091033151132086,0.6124780031466669,0.6208161445678421,0.7113319281340962,0.697922017346535,-0.013409910787561152,False,True
NORM,temperature,M1,MERL,D1,PTB-XL,NORM,D3,CODE-15%,NORM,297,1200,1197,125,459,738,0.06800183092833632,0.041149673197660656,0.04678586773528863,0.06918091398167951,0.05431254729004058,0.05881170216852792,0.2104643966281245,0.20637736649442823,0.2079016942684251,0.6091033151132086,0.5948305753321723,0.5995773409955555,0.7113319281340962,0.7113319281340962,0.0,True,False
NORM,platt,M2,ST-MEM,D1,PTB-XL,NORM,D3,CODE-15%,NORM,297,1200,1197,125,459,738,0.11190924219991062,0.0642609848992024,0.0790230681328968,0.10994581279991654,0.07238128224460663,0.07755791381928638,0.20395583584833366,0.19583342613795066,0.19632450947939545,0.6130926425461356,0.5713759098959501,0.5725405718536009,0.7590142350225245,0.7590142350225245,0.0,True,False
NORM,isotonic,M2,ST-MEM,D1,PTB-XL,NORM,D3,CODE-15%,NORM,297,1200,1197,125,459,738,0.11190924219991062,0.040235154803588434,0.10235426517799705,0.10994581279991654,0.03983622450939455,0.09510889930138267,0.20395583584833366,0.19119835318290007,0.21253464519232562,0.6130926425461356,0.586287022465146,0.6260795501412706,0.7590142350225245,0.7229292499896678,-0.03608498503285673,False,False
NORM,temperature,M2,ST-MEM,D1,PTB-XL,NORM,D3,CODE-15%,NORM,297,1200,1197,125,459,738,0.11190924219991062,0.037313269137642296,0.05459843010947262,0.10994581279991654,0.03915090774649991,0.06539847755398719,0.20395583584833366,0.1909981811676016,0.1950053926595781,0.6130926425461356,0.5564110265386324,0.5687343317344082,0.7590142350225245,0.7590142350225245,0.0,False,False
NORM,platt,M3,HuBERT-ECG,D1,PTB-XL,NORM,D3,CODE-15%,NORM,297,1200,1197,125,459,738,0.1121359931907099,0.07315442005473385,0.0631776414558332,0.10497320381418797,0.07892629707660768,0.08213876794603489,0.21036402183607666,0.202094596837614,0.20250124824864263,0.6146123480944601,0.5870416158812143,0.5891844567549639,0.7359701483725077,0.7359701483725077,0.0,True,False
NORM,isotonic,M3,HuBERT-ECG,D1,PTB-XL,NORM,D3,CODE-15%,NORM,297,1200,1197,125,459,738,0.1121359931907099,0.049886303271920875,0.1520278317312426,0.10497320381418797,0.05560648057047615,0.15530856081738817,0.21036402183607666,0.20017310735414665,0.23602441070716462,0.6146123480944601,0.5774438031329182,0.6566848084176723,0.7359701483725077,0.6997877440648044,-0.036182404307703364,False,True
NORM,temperature,M3,HuBERT-ECG,D1,PTB-XL,NORM,D3,CODE-15%,NORM,297,1200,1197,125,459,738,0.1121359931907099,0.05208640233277579,0.10056936861095067,0.10497320381418797,0.056877772399242174,0.10583702960572222,0.21036402183607666,0.19901357832834135,0.20862279599985253,0.6146123480944601,0.5750526597921645,0.6045331387346372,0.7359701483725077,0.7359701483725077,0.0,False,False
NORM,platt,M5,ECG-FM,D1,PTB-XL,NORM,D3,CODE-15%,NORM,297,1200,1197,125,459,738,0.07320928253728723,0.06957989729756846,0.07052962689256244,0.08550740062983593,0.07985176906704601,0.07889273495735605,0.23313119977836816,0.22746628051404966,0.23134682552092617,0.6677752376743824,0.6458610127602156,0.6559701146683076,0.6340636826847571,0.6340636826847571,0.0,True,False
NORM,isotonic,M5,ECG-FM,D1,PTB-XL,NORM,D3,CODE-15%,NORM,297,1200,1197,125,459,738,0.07320928253728723,0.04840503500830198,0.12539021978858084,0.08550740062983593,0.047029785570999745,0.1153297841212153,0.23313119977836816,0.2238068322204238,0.2454651230816498,0.6677752376743824,0.6625195047871997,0.6868963454643401,0.6340636826847571,0.5967151991781355,-0.037348483506621566,False,True
NORM,temperature,M5,ECG-FM,D1,PTB-XL,NORM,D3,CODE-15%,NORM,297,1200,1197,125,459,738,0.07320928253728723,0.07125333146617145,0.07180716097043828,0.08550740062983593,0.07691373264824444,0.07812979236654867,0.23313119977836816,0.229010975705565,0.2291268034989002,0.6677752376743824,0.6506234999542326,0.6508008096226866,0.6340636826847571,0.6340636826847571,0.0,True,False
NORM,platt,M6,S4D,D1,PTB-XL,NORM,D3,CODE-15%,NORM,297,1200,1197,125,459,738,0.03787186478554947,0.03838382398454782,0.060915780975893966,0.05466816528139487,0.052723311347247316,0.06731949266206073,0.22112755557194394,0.22088940882665345,0.22342431777148847,0.6338833058554036,0.6311329725689224,0.637161427668567,0.6556582886090299,0.6556582886090299,0.0,False,True
NORM,isotonic,M6,S4D,D1,PTB-XL,NORM,D3,CODE-15%,NORM,297,1200,1197,125,459,738,0.03787186478554947,0.03786876739763525,0.02977686896903668,0.05466816528139487,0.0521763781312492,0.04720786398218458,0.22112755557194394,0.22305408432332666,0.2242885699119483,0.6338833058554036,0.7034583242715537,0.6938655268463664,0.6556582886090299,0.6375737286784632,-0.01808455993056668,True,False
NORM,temperature,M6,S4D,D1,PTB-XL,NORM,D3,CODE-15%,NORM,297,1200,1197,125,459,738,0.03787186478554947,0.03907603976745429,0.03927641210355767,0.05466816528139487,0.054616007020140474,0.054612686736048674,0.22112755557194394,0.2213024510697918,0.22131334359362,0.6338833058554036,0.633899604928761,0.6339069016852399,0.6556582886090299,0.6556582886090299,0.0,False,True
NORM,platt,M1,MERL,D1,PTB-XL,NORM,D4,CPSC2018,Normal,297,1031,1031,125,133,898,0.02370467984585343,0.029805178300016062,0.0878071012666568,0.02083007569307572,0.030922765005964237,0.08402775536130998,0.05877586866973468,0.059496931780007374,0.06536053926207495,0.19937896620765722,0.20449406837608056,0.25251656716551285,0.943759733409247,0.943759733409247,0.0,False,True
NORM,isotonic,M1,MERL,D1,PTB-XL,NORM,D4,CPSC2018,Normal,297,1031,1031,125,133,898,0.02370467984585343,0.024607041986707164,0.06206104488658424,0.02083007569307572,0.009356723909011858,0.06189703878044493,0.05877586866973468,0.05931265809680305,0.06876242846098508,0.19937896620765722,0.22314386208274958,0.23219315200530025,0.943759733409247,0.9419135254617612,-0.0018462079474858006,False,True
NORM,temperature,M1,MERL,D1,PTB-XL,NORM,D4,CPSC2018,Normal,297,1031,1031,125,133,898,0.02370467984585343,0.029337016540007615,0.05876776227885381,0.02083007569307572,0.023910197460176925,0.05585763554777879,0.05877586866973468,0.058709610836745516,0.06387063105039388,0.19937896620765722,0.19543373254656699,0.21651360987712157,0.943759733409247,0.9437597334092469,-1.1102230246251565e-16,False,True
NORM,platt,M2,ST-MEM,D1,PTB-XL,NORM,D4,CPSC2018,Normal,297,1031,1031,125,133,898,0.041708244466530674,0.027473575670217916,0.10904879414504463,0.03553902259650301,0.04622282505942886,0.1061767024017451,0.05479591214875627,0.05470243804794552,0.06421976483278519,0.1970473753540843,0.19505521052181382,0.25887278830995364,0.96268231826783,0.9626823182678299,-1.1102230246251565e-16,False,True
NORM,isotonic,M2,ST-MEM,D1,PTB-XL,NORM,D4,CPSC2018,Normal,297,1031,1031,125,133,898,0.041708244466530674,0.021944132699470785,0.06229651647946974,0.03553902259650301,0.015098510263545447,0.05729987113730211,0.05479591214875627,0.05108859527771695,0.06521961123669068,0.1970473753540843,0.18850380351504206,0.21098422012684925,0.96268231826783,0.9530326372724685,-0.009649680995361565,False,True
NORM,temperature,M2,ST-MEM,D1,PTB-XL,NORM,D4,CPSC2018,Normal,297,1031,1031,125,133,898,0.041708244466530674,0.03102790450918055,0.05122293125809057,0.03553902259650301,0.021769580645668137,0.04562683584097142,0.05479591214875627,0.05143931726838049,0.05515548644707892,0.1970473753540843,0.1653936464635304,0.18668179591002362,0.96268231826783,0.9626823182678299,-1.1102230246251565e-16,False,True
NORM,platt,M3,HuBERT-ECG,D1,PTB-XL,NORM,D4,CPSC2018,Normal,297,1031,1031,125,133,898,0.0624277377450906,0.0396911463163519,0.13220211478348598,0.06504350512900015,0.05377375073029484,0.1342671884722,0.0885892425174987,0.08297134309313939,0.0989381345079943,0.30246624923571425,0.2831983999475802,0.35307453732295985,0.8943182008473298,0.8943182008473298,0.0,False,True
NORM,isotonic,M3,HuBERT-ECG,D1,PTB-XL,NORM,D4,CPSC2018,Normal,297,1031,1031,125,133,898,0.0624277377450906,0.016195426864285878,0.12949811181915621,0.06504350512900015,0.02310609876062958,0.12771525970361053,0.0885892425174987,0.07896961974599064,0.10591931469334964,0.30246624923571425,0.25045262828267373,0.33127476492254276,0.8943182008473298,0.8838186780983638,-0.01049952274896604,False,True
NORM,temperature,M3,HuBERT-ECG,D1,PTB-XL,NORM,D4,CPSC2018,Normal,297,1031,1031,125,133,898,0.0624277377450906,0.04337432729941915,0.11663834414604875,0.06504350512900015,0.045369404487186064,0.11432948876967113,0.0885892425174987,0.08267005676597794,0.09501565801902732,0.30246624923571425,0.2605817984952255,0.31908649743682055,0.8943182008473298,0.8943182008473299,1.1102230246251565e-16,False,True
NORM,platt,M4,ECGFM-KED,D1,PTB-XL,NORM,D4,CPSC2018,Normal,297,1031,1031,125,133,898,0.029770495169617647,0.03436222991859538,0.07359614224549543,0.024143870260656553,0.028545224840334445,0.06470966503929788,0.07995030828662665,0.07965408761321828,0.0836781164720496,0.26996876069018394,0.2732694471093629,0.30023255495925355,0.8702044643903746,0.8702044643903746,0.0,False,True
NORM,isotonic,M4,ECGFM-KED,D1,PTB-XL,NORM,D4,CPSC2018,Normal,297,1031,1031,125,133,898,0.029770495169617647,0.024384771183592637,0.07147765223745313,0.024143870260656553,0.024247043826755552,0.06520173556983368,0.07995030828662665,0.07962386061754625,0.08535565156725307,0.26996876069018394,0.27121330879975225,0.31301288539515393,0.8702044643903746,0.8587462531607415,-0.011458211229633086,False,True
NORM,temperature,M4,ECGFM-KED,D1,PTB-XL,NORM,D4,CPSC2018,Normal,297,1031,1031,125,133,898,0.029770495169617647,0.03592766211520631,0.10879102799163895,0.024143870260656553,0.03075388091365958,0.10349371960291533,0.07995030828662665,0.08048926229277134,0.09359331227476456,0.26996876069018394,0.2704583674721398,0.3154464502743825,0.8702044643903746,0.8702044643903746,0.0,False,True
NORM,platt,M5,ECG-FM,D1,PTB-XL,NORM,D4,CPSC2018,Normal,297,1031,1031,125,133,898,0.03745833927035588,0.024145306221034127,0.08872962550267732,0.037061191466045425,0.039708133263996935,0.08615861783675312,0.08099371047615317,0.0795171241942546,0.08580541023958728,0.26719558399729515,0.27127981738287354,0.30599884968736213,0.8866319473516754,0.8866319473516754,0.0,False,True
NORM,isotonic,M5,ECG-FM,D1,PTB-XL,NORM,D4,CPSC2018,Normal,297,1031,1031,125,133,898,0.03745833927035588,0.026410929414899195,0.08170416350227597,0.037061191466045425,0.019037579604875923,0.07971938618288477,0.08099371047615317,0.07936954598242223,0.09258800913871744,0.26719558399729515,0.2869537645427176,0.2926032416498402,0.8866319473516754,0.8791340824220909,-0.007497864929584486,False,True
NORM,temperature,M5,ECG-FM,D1,PTB-XL,NORM,D4,CPSC2018,Normal,297,1031,1031,125,133,898,0.03745833927035588,0.04167136092278001,0.0717333753262498,0.037061191466045425,0.0370767743829831,0.06661570345394896,0.08099371047615317,0.08085682381471528,0.08527964849629822,0.26719558399729515,0.2620897853844436,0.27912571789676616,0.8866319473516754,0.8866319473516754,0.0,False,True
NORM,platt,M6,S4D,D1,PTB-XL,NORM,D4,CPSC2018,Normal,297,1031,1031,125,133,898,0.018033693153258874,0.03361635720768527,0.044273761003924245,0.01977056033712788,0.03500886463140548,0.045701389308184244,0.09751037066514959,0.1004877789016816,0.10021682000380958,0.3151386525408369,0.33120687387566083,0.33216807956659034,0.806303062779443,0.806303062779443,0.0,False,True
NORM,isotonic,M6,S4D,D1,PTB-XL,NORM,D4,CPSC2018,Normal,297,1031,1031,125,133,898,0.018033693153258874,0.02928164843550642,0.05503421381529084,0.01977056033712788,0.025134207307435635,0.04964397739945186,0.09751037066514959,0.09700472388428773,0.10283475600372159,0.3151386525408369,0.3180151438756761,0.5876286259339703,0.806303062779443,0.7741597869953281,-0.03214327578411491,False,True
NORM,temperature,M6,S4D,D1,PTB-XL,NORM,D4,CPSC2018,Normal,297,1031,1031,125,133,898,0.018033693153258874,0.02444738322599614,0.020681068702950237,0.01977056033712788,0.018428982756854943,0.021651478834840105,0.09751037066514959,0.0976965096409334,0.09750631514531737,0.3151386525408369,0.31550272730861656,0.31574322008895217,0.806303062779443,0.806303062779443,0.0,False,True
NORM,platt,M1,MERL,D1,PTB-XL,NORM,D5,MIMIC-IV-ECG,SR,297,298,301,125,269,32,0.0963608456595892,0.05540200171073254,0.1243633787341055,0.10242552091576801,0.05954084539284707,0.12436337873410529,0.08962636629826637,0.07364242250417671,0.09301658297402796,0.405467421937041,0.2734494299410516,0.3324241236425399,0.7749767657992565,0.7749767657992565,0.0,False,True
NORM,isotonic,M1,MERL,D1,PTB-XL,NORM,D5,MIMIC-IV-ECG,SR,297,298,301,125,269,32,0.0963608456595892,0.0815246774090852,0.09806247925856872,0.10242552091576801,0.07502218716123517,0.1042487548915164,0.08962636629826637,0.08127143523640087,0.09030742699957597,0.405467421937041,0.42202210838311943,0.36790822419183833,0.7749767657992565,0.754646840148699,-0.020329925650557468,False,True
NORM,temperature,M1,MERL,D1,PTB-XL,NORM,D5,MIMIC-IV-ECG,SR,297,298,301,125,269,32,0.0963608456595892,0.10135852783464135,0.10838445191105883,0.10242552091576801,0.10796274483479654,0.11134424172489187,0.08962636629826637,0.09318055358553959,0.0942349744322422,0.405467421937041,0.33588559769367693,0.33686245139803894,0.7749767657992565,0.7749767657992565,0.0,False,True
NORM,platt,M2,ST-MEM,D1,PTB-XL,NORM,D5,MIMIC-IV-ECG,SR,297,298,301,125,269,32,0.09590852209651737,0.05044475137497166,0.1457780433038638,0.09795501318618431,0.06835510656334126,0.15270274593819005,0.09056812525173245,0.07430778854896004,0.09729186325438974,0.3824389269610017,0.2726768133422992,0.3500529334339924,0.8482806691449815,0.8482806691449815,0.0,False,True
NORM,isotonic,M2,ST-MEM,D1,PTB-XL,NORM,D5,MIMIC-IV-ECG,SR,297,298,301,125,269,32,0.09590852209651737,0.0328080326270838,0.06703360216880266,0.09795501318618431,0.05065261100114108,0.07822307755072948,0.09056812525173245,0.0717868627613236,0.08421637339130496,0.3824389269610017,0.2890354728406848,0.27638023548917895,0.8482806691449815,0.8343401486988848,-0.013940520446096616,False,False
NORM,temperature,M2,ST-MEM,D1,PTB-XL,NORM,D5,MIMIC-IV-ECG,SR,297,298,301,125,269,32,0.09590852209651737,0.09014950756775285,0.10581988145428235,0.09795501318618431,0.08896570225884785,0.1025428436042137,0.09056812525173245,0.0842736636344766,0.08613482050674977,0.3824389269610017,0.2814808309835767,0.2913978457229079,0.8482806691449815,0.8482806691449815,0.0,False,True
NORM,platt,M3,HuBERT-ECG,D1,PTB-XL,NORM,D5,MIMIC-IV-ECG,SR,297,298,301,125,269,32,0.1481806987986214,0.037761459826350124,0.1771918865444223,0.14826598225225618,0.06758910148126586,0.17719188654442228,0.13520667019003926,0.09207338300700141,0.13362748917067355,0.6734248567944107,0.3272446262585234,0.4384334528822226,0.6560176579925651,0.6560176579925651,0.0,False,True
NORM,isotonic,M3,HuBERT-ECG,D1,PTB-XL,NORM,D5,MIMIC-IV-ECG,SR,297,298,301,125,269,32,0.1481806987986214,0.06684894210461101,0.163801936480334,0.14826598225225618,0.07599002365817906,0.15900439418694082,0.13520667019003926,0.09499270912144707,0.12044311003793291,0.6734248567944107,0.4279178527721407,0.7336792351990108,0.6560176579925651,0.6356877323420074,-0.02032992565055769,False,True
NORM,temperature,M3,HuBERT-ECG,D1,PTB-XL,NORM,D5,MIMIC-IV-ECG,SR,297,298,301,125,269,32,0.1481806987986214,0.1345763803602156,0.14834132763823307,0.14826598225225618,0.14521011883118076,0.15261559125584,0.13520667019003926,0.12391760298158769,0.1261583779220716,0.6734248567944107,0.4016043818077909,0.4080219525234955,0.6560176579925651,0.6560176579925651,0.0,False,True
NORM,platt,M4,ECGFM-KED,D1,PTB-XL,NORM,D5,MIMIC-IV-ECG,SR,297,298,301,125,269,32,0.06539028597890602,0.03481512688390476,0.10903126535862838,0.07914959506899089,0.05412121598018598,0.10753761534223895,0.10271897001312112,0.09596303401733164,0.10924762526188314,0.4326884095916403,0.34310012159920633,0.38054668308335143,0.5727230483271375,0.5727230483271375,0.0,False,True
NORM,isotonic,M4,ECGFM-KED,D1,PTB-XL,NORM,D5,MIMIC-IV-ECG,SR,297,298,301,125,269,32,0.06539028597890602,0.0515609456697686,0.10285484012800232,0.07914959506899089,0.06356554282661395,0.10883490657318504,0.10271897001312112,0.09566521586760603,0.11337041871410555,0.4326884095916403,0.3445987388786353,0.43149706300441015,0.5727230483271375,0.5598861524163569,-0.012836895910780632,False,True
NORM,temperature,M4,ECGFM-KED,D1,PTB-XL,NORM,D5,MIMIC-IV-ECG,SR,297,298,301,125,269,32,0.06539028597890602,0.1163373893610638,0.15361220719817664,0.07914959506899089,0.12013393324301593,0.1505511059394792,0.10271897001312112,0.11349996229574631,0.12201037826092054,0.4326884095916403,0.42041952632609053,0.4344807861434663,0.5727230483271375,0.5727230483271375,0.0,False,True
NORM,platt,M5,ECG-FM,D1,PTB-XL,NORM,D5,MIMIC-IV-ECG,SR,297,298,301,125,269,32,0.0892312478295886,0.04296756531026586,0.09320680244430142,0.096233105418949,0.06414425999663588,0.0954234946045821,0.11012631847932744,0.09405410220095281,0.10920591694654858,0.42310094377337126,0.3359228350466005,0.3714060254059348,0.6412639405204461,0.6412639405204461,0.0,False,True
NORM,isotonic,M5,ECG-FM,D1,PTB-XL,NORM,D5,MIMIC-IV-ECG,SR,297,298,301,125,269,32,0.0892312478295886,0.04988311826731614,0.11537712853294384,0.096233105418949,0.0686239692990175,0.11633957797254085,0.11012631847932744,0.09430987389271134,0.11232623329940938,0.42310094377337126,0.3377045722990027,0.5068313286279511,0.6412639405204461,0.6428903345724907,0.0016263940520445663,False,True
NORM,temperature,M5,ECG-FM,D1,PTB-XL,NORM,D5,MIMIC-IV-ECG,SR,297,298,301,125,269,32,0.0892312478295886,0.1394701363671182,0.13298510883381146,0.096233105418949,0.1385348497588422,0.13379269113025177,0.11012631847932744,0.11953604020620746,0.11839287945260231,0.42310094377337126,0.4043446552524215,0.4018199027010429,0.6412639405204461,0.6412639405204461,0.0,False,True
NORM,platt,M6,S4D,D1,PTB-XL,NORM,D5,MIMIC-IV-ECG,SR,297,298,301,125,269,32,0.044836722617896126,0.04705112543589604,0.04745772214558721,0.05335009626564591,0.05579946581386223,0.055880621584320896,0.09279690397166834,0.0934339105481477,0.09344293584002346,0.33244407594807646,0.3343881301620113,0.3344081971414146,0.6409154275092936,0.6409154275092936,0.0,False,True
NORM,isotonic,M6,S4D,D1,PTB-XL,NORM,D5,MIMIC-IV-ECG,SR,297,298,301,125,269,32,0.044836722617896126,0.05076607224546657,0.013556960668738568,0.05335009626564591,0.06468082902138851,0.04705172891862416,0.09279690397166834,0.09649277995920415,0.09272121485547621,0.33244407594807646,0.3794639450008417,0.3746836560308981,0.6409154275092936,0.5593052973977695,-0.08161013011152418,True,False
NORM,temperature,M6,S4D,D1,PTB-XL,NORM,D5,MIMIC-IV-ECG,SR,297,298,301,125,269,32,0.044836722617896126,0.06452745486207732,0.04516638064122054,0.05335009626564591,0.07195026282004768,0.05788091759542275,0.09279690397166834,0.09525079051362158,0.09332842263127028,0.33244407594807646,0.339425739326256,0.33357907445478663,0.6409154275092936,0.6409154275092936,0.0,False,True
NORM,platt,M1,MERL,D3,CODE-15%,NORM,D1,PTB-XL,NORM,1200,297,299,449,142,157,0.09857082081777342,0.079328465024316,0.07761264912524439,0.08770206936545817,0.08234271919157249,0.09528433380424488,0.15800450694987322,0.15218862327581228,0.15461544949301595,0.5442331724391661,0.4729727574079592,0.48123236582283724,0.858975509105589,0.858975509105589,0.0,True,False
NORM,isotonic,M1,MERL,D3,CODE-15%,NORM,D1,PTB-XL,NORM,1200,297,299,449,142,157,0.09857082081777342,0.07534318144053609,0.06389179970788408,0.08770206936545817,0.06670461126485071,0.0769357587795476,0.15800450694987322,0.15285349330606512,0.1525852205874211,0.5442331724391661,0.47358854622955465,0.49959272630077933,0.858975509105589,0.858885798869651,-8.971023593795646e-05,True,False
NORM,temperature,M1,MERL,D3,CODE-15%,NORM,D1,PTB-XL,NORM,1200,297,299,449,142,157,0.09857082081777342,0.06067397049541605,0.07665086859011051,0.08770206936545817,0.07997895947267482,0.0786493215609625,0.15800450694987322,0.15101636509192043,0.151299247544909,0.5442331724391661,0.46185411902598134,0.4695363978463682,0.858975509105589,0.858975509105589,0.0,False,False
NORM,platt,M2,ST-MEM,D3,CODE-15%,NORM,D1,PTB-XL,NORM,1200,297,299,449,142,157,0.1524911653635153,0.05689641963615899,0.07347343415692154,0.14069038578325366,0.11391664030816236,0.1168900542772862,0.17341594203560776,0.15742688793761467,0.15774200594240903,0.6842038605865577,0.4862647416720939,0.48816855530665304,0.8795191531353728,0.8795191531353728,0.0,False,False
NORM,isotonic,M2,ST-MEM,D3,CODE-15%,NORM,D1,PTB-XL,NORM,1200,297,299,449,142,157,0.1524911653635153,0.03277215043466907,0.10459275866021399,0.14069038578325366,0.060335051394400964,0.10320157482484235,0.17341594203560776,0.1412928164944475,0.15372027199084298,0.6842038605865577,0.5082191706073546,0.7701935657765533,0.8795191531353728,0.8737328429173767,-0.005786310217996027,False,False
NORM,temperature,M2,ST-MEM,D3,CODE-15%,NORM,D1,PTB-XL,NORM,1200,297,299,449,142,157,0.1524911653635153,0.06138609345652616,0.09682128334932191,0.14069038578325366,0.06425760240119292,0.0853129384372318,0.17341594203560776,0.14178684940667435,0.15068174500969064,0.6842038605865577,0.4296466914508812,0.4721494193683515,0.8795191531353728,0.8795191531353728,0.0,False,False
NORM,platt,M3,HuBERT-ECG,D3,CODE-15%,NORM,D1,PTB-XL,NORM,1200,297,299,449,142,157,0.17794302174226012,0.08527250955598788,0.05584059611753089,0.16695867325072508,0.11485204945233747,0.11320660345241605,0.1781977024889978,0.15866487969293996,0.1602745184683981,0.7753726613557205,0.4935083405494096,0.4962028033242469,0.8648066744415537,0.8648066744415537,0.0,True,False
NORM,isotonic,M3,HuBERT-ECG,D3,CODE-15%,NORM,D1,PTB-XL,NORM,1200,297,299,449,142,157,0.17794302174226012,0.03681605793612916,0.09034259941093838,0.16695867325072508,0.04262293427795375,0.10482910868785772,0.1781977024889978,0.1482401527134311,0.1597309780129856,0.7753726613557205,0.49292206457714205,0.7485151630247808,0.8648066744415537,0.8512828563739123,-0.013523818067641358,False,False
NORM,temperature,M3,HuBERT-ECG,D3,CODE-15%,NORM,D1,PTB-XL,NORM,1200,297,299,449,142,157,0.17794302174226012,0.07156125436735307,0.11609521819855634,0.16695867325072508,0.0709373280212688,0.11715378506575898,0.1781977024889978,0.15000722889247584,0.1603694273165159,0.7753726613557205,0.45851144909300784,0.5253318923839585,0.8648066744415537,0.8648066744415538,1.1102230246251565e-16,False,False
NORM,platt,M5,ECG-FM,D3,CODE-15%,NORM,D1,PTB-XL,NORM,1200,297,299,449,142,157,0.11176336894988684,0.08321644426554824,0.1398213025191035,0.11342895256861321,0.09538569479513433,0.14923382114441222,0.16827306417294868,0.1623936073663584,0.17856486990287068,0.5872323085347254,0.49676301309398124,0.5402440362231853,0.848748542208666,0.848748542208666,0.0,False,True
NORM,isotonic,M5,ECG-FM,D3,CODE-15%,NORM,D1,PTB-XL,NORM,1200,297,299,449,142,157,0.11176336894988684,0.049357940073329054,0.10385072359663945,0.11342895256861321,0.07623372112800271,0.10388285617836822,0.16827306417294868,0.15551221938964074,0.16798678904940012,0.5872323085347254,0.5147658234712622,0.758497725471006,0.848748542208666,0.8437247689961425,-0.0050237732125235635,False,False
NORM,temperature,M5,ECG-FM,D3,CODE-15%,NORM,D1,PTB-XL,NORM,1200,297,299,449,142,157,0.11176336894988684,0.07681472441258572,0.06942347353252028,0.11342895256861321,0.06517759193163201,0.06574012986414482,0.16827306417294868,0.156652831402054,0.1567444792825093,0.5872323085347254,0.49068068479393956,0.49190685530342676,0.848748542208666,0.848748542208666,0.0,True,False
NORM,platt,M6,S4D,D3,CODE-15%,NORM,D1,PTB-XL,NORM,1200,297,299,449,142,157,0.09176053862828372,0.10155054539745799,0.08214957065337049,0.06820027226839398,0.09046030346029736,0.07832453393873232,0.18866248408675806,0.19354553756605763,0.1902143333871172,0.5490629977588762,0.5624106421788122,0.558537090154359,0.7767560778684848,0.7767560778684848,0.0,True,False
NORM,isotonic,M6,S4D,D3,CODE-15%,NORM,D1,PTB-XL,NORM,1200,297,299,449,142,157,0.09176053862828372,0.09228478186634063,0.11643931683947409,0.06820027226839398,0.09974138153126194,0.12085194716760862,0.18866248408675806,0.19826682882489136,0.2053567484988836,0.5490629977588762,0.6179300278860251,1.263826962851106,0.7767560778684848,0.7756795550372297,-0.0010765228312550335,False,True
NORM,temperature,M6,S4D,D3,CODE-15%,NORM,D1,PTB-XL,NORM,1200,297,299,449,142,157,0.09176053862828372,0.08747487133723417,0.08729943368435045,0.06820027226839398,0.06929333963487908,0.06923936497488628,0.18866248408675806,0.18866104351251467,0.18865794621482537,0.5490629977588762,0.5491975202240967,0.5491798643613899,0.7767560778684848,0.7767560778684848,0.0,True,False
NORM,platt,M1,MERL,D3,CODE-15%,NORM,D4,CPSC2018,Normal,1200,1031,1031,449,133,898,0.02370467984585343,0.029805178300016062,0.11746167376175583,0.02083007569307572,0.030922765005964237,0.11191642548463535,0.05877586866973468,0.059496931780007374,0.07163804866992554,0.19937896620765722,0.20449406837608056,0.28045305578710944,0.943759733409247,0.943759733409247,0.0,False,True
NORM,isotonic,M1,MERL,D3,CODE-15%,NORM,D4,CPSC2018,Normal,1200,1031,1031,449,133,898,0.02370467984585343,0.024607041986707164,0.03455085863099589,0.02083007569307572,0.009356723909011858,0.025188581894562877,0.05877586866973468,0.05931265809680305,0.05922514940913882,0.19937896620765722,0.22314386208274958,0.22683604757170903,0.943759733409247,0.9385727682234539,-0.005186965185793091,False,True
NORM,temperature,M1,MERL,D3,CODE-15%,NORM,D4,CPSC2018,Normal,1200,1031,1031,449,133,898,0.02370467984585343,0.029337016540007615,0.039465402281219926,0.02083007569307572,0.023910197460176925,0.034540055632063554,0.05877586866973468,0.058709610836745516,0.06037032949159305,0.19937896620765722,0.19543373254656699,0.20146494934660003,0.943759733409247,0.9437597334092469,-1.1102230246251565e-16,False,True
NORM,platt,M2,ST-MEM,D3,CODE-15%,NORM,D4,CPSC2018,Normal,1200,1031,1031,449,133,898,0.041708244466530674,0.027473575670217916,0.11082429615093807,0.03553902259650301,0.04622282505942886,0.10562512199021562,0.05479591214875627,0.05470243804794552,0.06380922231788234,0.1970473753540843,0.19505521052181382,0.257646149828534,0.96268231826783,0.96268231826783,0.0,False,True
NORM,isotonic,M2,ST-MEM,D3,CODE-15%,NORM,D4,CPSC2018,Normal,1200,1031,1031,449,133,898,0.041708244466530674,0.021944132699470785,0.02207150192909962,0.03553902259650301,0.015098510263545447,0.0159076536471611,0.05479591214875627,0.05108859527771695,0.051337724551359265,0.1970473753540843,0.18850380351504206,0.19672315344515562,0.96268231826783,0.9598020664132492,-0.002880251854580851,True,False
NORM,temperature,M2,ST-MEM,D3,CODE-15%,NORM,D4,CPSC2018,Normal,1200,1031,1031,449,133,898,0.041708244466530674,0.03102790450918055,0.021775142645796,0.03553902259650301,0.021769580645668137,0.01858454151425749,0.05479591214875627,0.05143931726838049,0.05129707864782327,0.1970473753540843,0.1653936464635304,0.16434865948738658,0.96268231826783,0.9626823182678299,-1.1102230246251565e-16,True,False
NORM,platt,M3,HuBERT-ECG,D3,CODE-15%,NORM,D4,CPSC2018,Normal,1200,1031,1031,449,133,898,0.0624277377450906,0.0396911463163519,0.11421515283171149,0.06504350512900015,0.05377375073029484,0.11469677175283592,0.0885892425174987,0.08297134309313939,0.09250088390275528,0.30246624923571425,0.2831983999475802,0.3313706942084628,0.8943182008473298,0.8943182008473298,0.0,False,True
NORM,isotonic,M3,HuBERT-ECG,D3,CODE-15%,NORM,D4,CPSC2018,Normal,1200,1031,1031,449,133,898,0.0624277377450906,0.016195426864285878,0.03948314299188108,0.06504350512900015,0.02310609876062958,0.0320024276037584,0.0885892425174987,0.07896961974599064,0.08145753022701223,0.30246624923571425,0.25045262828267373,0.297879851730151,0.8943182008473298,0.8892024046753856,-0.005115796171944242,False,False
NORM,temperature,M3,HuBERT-ECG,D3,CODE-15%,NORM,D4,CPSC2018,Normal,1200,1031,1031,449,133,898,0.0624277377450906,0.04337432729941915,0.03862114562431964,0.06504350512900015,0.045369404487186064,0.04213672356487271,0.0885892425174987,0.08267005676597794,0.08270433285831323,0.30246624923571425,0.2605817984952255,0.25963602601751795,0.8943182008473298,0.8943182008473299,1.1102230246251565e-16,True,False
NORM,platt,M5,ECG-FM,D3,CODE-15%,NORM,D4,CPSC2018,Normal,1200,1031,1031,449,133,898,0.03745833927035588,0.024145306221034127,0.16180441132285564,0.037061191466045425,0.039708133263996935,0.16480088789656103,0.08099371047615317,0.0795171241942546,0.1071674275942905,0.26719558399729515,0.27127981738287354,0.3814279503990118,0.8866319473516754,0.8866319473516754,0.0,False,True
NORM,isotonic,M5,ECG-FM,D3,CODE-15%,NORM,D4,CPSC2018,Normal,1200,1031,1031,449,133,898,0.03745833927035588,0.026410929414899195,0.08072502396858149,0.037061191466045425,0.019037579604875923,0.07025154024705603,0.08099371047615317,0.07936954598242223,0.08658952467653695,0.26719558399729515,0.2869537645427176,0.3290544671809813,0.8866319473516754,0.8473173468191637,-0.03931460053251168,False,True
NORM,temperature,M5,ECG-FM,D3,CODE-15%,NORM,D4,CPSC2018,Normal,1200,1031,1031,449,133,898,0.03745833927035588,0.04167136092278001,0.06889440234616377,0.037061191466045425,0.0370767743829831,0.06355546341702407,0.08099371047615317,0.08085682381471528,0.08473664146742504,0.26719558399729515,0.2620897853844436,0.27682759488624903,0.8866319473516754,0.8866319473516754,0.0,False,True
NORM,platt,M6,S4D,D3,CODE-15%,NORM,D4,CPSC2018,Normal,1200,1031,1031,449,133,898,0.018033693153258874,0.03361635720768527,0.06343269150096983,0.01977056033712788,0.03500886463140548,0.059916882302734,0.09751037066514959,0.1004877789016816,0.10141098484692816,0.3151386525408369,0.33120687387566083,0.34537184276266464,0.806303062779443,0.806303062779443,0.0,False,True
NORM,isotonic,M6,S4D,D3,CODE-15%,NORM,D4,CPSC2018,Normal,1200,1031,1031,449,133,898,0.018033693153258874,0.02928164843550642,0.02595385730518899,0.01977056033712788,0.025134207307435635,0.027719669339083628,0.09751037066514959,0.09700472388428773,0.10067280242421792,0.3151386525408369,0.3180151438756761,0.39645501803545224,0.806303062779443,0.771380009042651,-0.03492305373679194,False,True
NORM,temperature,M6,S4D,D3,CODE-15%,NORM,D4,CPSC2018,Normal,1200,1031,1031,449,133,898,0.018033693153258874,0.02444738322599614,0.020909976238927784,0.01977056033712788,0.018428982756854943,0.021520207179579653,0.09751037066514959,0.0976965096409334,0.09750244157939987,0.3151386525408369,0.31550272730861656,0.31569299723294575,0.806303062779443,0.806303062779443,0.0,False,True
NORM,platt,M1,MERL,D3,CODE-15%,NORM,D5,MIMIC-IV-ECG,SR,1200,298,301,449,269,32,0.0963608456595892,0.05540200171073254,0.19019240805422818,0.10242552091576801,0.05954084539284707,0.1901924080542281,0.08962636629826637,0.07364242250417671,0.11102276304303857,0.405467421937041,0.2734494299410516,0.3891378044333305,0.7749767657992565,0.7749767657992565,0.0,False,True
NORM,isotonic,M1,MERL,D3,CODE-15%,NORM,D5,MIMIC-IV-ECG,SR,1200,298,301,449,269,32,0.0963608456595892,0.0815246774090852,0.18714803137848848,0.10242552091576801,0.07502218716123517,0.18714803137848823,0.08962636629826637,0.08127143523640087,0.11175921448132135,0.405467421937041,0.42202210838311943,0.43553343473923384,0.7749767657992565,0.7377439591078067,-0.037232806691449793,False,True
NORM,temperature,M1,MERL,D3,CODE-15%,NORM,D5,MIMIC-IV-ECG,SR,1200,298,301,449,269,32,0.0963608456595892,0.10135852783464135,0.10127790224258829,0.10242552091576801,0.10796274483479654,0.10407475778080745,0.08962636629826637,0.09318055358553959,0.09079404623375925,0.405467421937041,0.33588559769367693,0.33939125921187113,0.7749767657992565,0.7749767657992565,0.0,False,True
NORM,platt,M2,ST-MEM,D3,CODE-15%,NORM,D5,MIMIC-IV-ECG,SR,1200,298,301,449,269,32,0.09590852209651737,0.05044475137497166,0.17694126459527498,0.09795501318618431,0.06835510656334126,0.17862286183885645,0.09056812525173245,0.07430778854896004,0.10654345544474161,0.3824389269610017,0.2726768133422992,0.37855447746300835,0.8482806691449815,0.8482806691449815,0.0,False,True
NORM,isotonic,M2,ST-MEM,D3,CODE-15%,NORM,D5,MIMIC-IV-ECG,SR,1200,298,301,449,269,32,0.09590852209651737,0.0328080326270838,0.08843778535867645,0.09795501318618431,0.05065261100114108,0.08170764091616463,0.09056812525173245,0.0717868627613236,0.08848355680253844,0.3824389269610017,0.2890354728406848,0.4478297784885261,0.8482806691449815,0.8350371747211895,-0.013243494423791913,False,False
NORM,temperature,M2,ST-MEM,D3,CODE-15%,NORM,D5,MIMIC-IV-ECG,SR,1200,298,301,449,269,32,0.09590852209651737,0.09014950756775285,0.06985039739965455,0.09795501318618431,0.08896570225884785,0.07663025071278591,0.09056812525173245,0.0842736636344766,0.08386743063068068,0.3824389269610017,0.2814808309835767,0.2783137635441696,0.8482806691449815,0.8482806691449815,0.0,True,False
NORM,platt,M3,HuBERT-ECG,D3,CODE-15%,NORM,D5,MIMIC-IV-ECG,SR,1200,298,301,449,269,32,0.1481806987986214,0.037761459826350124,0.1929535703715966,0.14826598225225618,0.06758910148126586,0.19295357037159644,0.13520667019003926,0.09207338300700141,0.1411701220324799,0.6734248567944107,0.3272446262585234,0.4588305510622207,0.6560176579925651,0.6560176579925651,0.0,False,True
NORM,isotonic,M3,HuBERT-ECG,D3,CODE-15%,NORM,D5,MIMIC-IV-ECG,SR,1200,298,301,449,269,32,0.1481806987986214,0.06684894210461101,0.1610951717611983,0.14826598225225618,0.07599002365817906,0.16109517176119825,0.13520667019003926,0.09499270912144707,0.13597037044883883,0.6734248567944107,0.4279178527721407,0.4956584093012997,0.6560176579925651,0.6179716542750929,-0.03804600371747213,False,True
NORM,temperature,M3,HuBERT-ECG,D3,CODE-15%,NORM,D5,MIMIC-IV-ECG,SR,1200,298,301,449,269,32,0.1481806987986214,0.1345763803602156,0.12730479957999224,0.14826598225225618,0.14521011883118076,0.13081913954438204,0.13520667019003926,0.12391760298158769,0.1254701088521693,0.6734248567944107,0.4016043818077909,0.4539484581304946,0.6560176579925651,0.6560176579925651,0.0,True,False
NORM,platt,M5,ECG-FM,D3,CODE-15%,NORM,D5,MIMIC-IV-ECG,SR,1200,298,301,449,269,32,0.0892312478295886,0.04296756531026586,0.301743183154104,0.096233105418949,0.06414425999663588,0.3017431831541039,0.11012631847932744,0.09405410220095281,0.18344730592466751,0.42310094377337126,0.3359228350466005,0.5574922851069646,0.6412639405204461,0.6412639405204461,0.0,False,True
NORM,isotonic,M5,ECG-FM,D3,CODE-15%,NORM,D5,MIMIC-IV-ECG,SR,1200,298,301,449,269,32,0.0892312478295886,0.04988311826731614,0.22010275662136727,0.096233105418949,0.0686239692990175,0.21287746403559077,0.11012631847932744,0.09430987389271134,0.16131827960903738,0.42310094377337126,0.3377045722990027,0.9376946803269015,0.6412639405204461,0.6267425650557621,-0.014521375464684017,False,True
NORM,temperature,M5,ECG-FM,D3,CODE-15%,NORM,D5,MIMIC-IV-ECG,SR,1200,298,301,449,269,32,0.0892312478295886,0.1394701363671182,0.1277750493371551,0.096233105418949,0.1385348497588422,0.13010810598554645,0.11012631847932744,0.11953604020620746,0.11756600366899317,0.42310094377337126,0.4043446552524215,0.4001027156329217,0.6412639405204461,0.6412639405204461,0.0,False,True
NORM,platt,M6,S4D,D3,CODE-15%,NORM,D5,MIMIC-IV-ECG,SR,1200,298,301,449,269,32,0.044836722617896126,0.04705112543589604,0.07522850898771791,0.05335009626564591,0.05579946581386223,0.07400347124683321,0.09279690397166834,0.0934339105481477,0.09608095141502294,0.33244407594807646,0.3343881301620113,0.3446532788158212,0.6409154275092936,0.6409154275092936,0.0,False,True
NORM,isotonic,M6,S4D,D3,CODE-15%,NORM,D5,MIMIC-IV-ECG,SR,1200,298,301,449,269,32,0.044836722617896126,0.05076607224546657,0.10367479530889753,0.05335009626564591,0.06468082902138851,0.09365355463573154,0.09279690397166834,0.09649277995920415,0.10214402518658752,0.33244407594807646,0.3794639450008417,1.6127894527840791,0.6409154275092936,0.5431575278810409,-0.09775789962825276,False,True
NORM,temperature,M6,S4D,D3,CODE-15%,NORM,D5,MIMIC-IV-ECG,SR,1200,298,301,449,269,32,0.044836722617896126,0.06452745486207732,0.04430109233656571,0.05335009626564591,0.07195026282004768,0.05762422769607905,0.09279690397166834,0.09525079051362158,0.09329697788132496,0.33244407594807646,0.339425739326256,0.333497708429873,0.6409154275092936,0.6409154275092936,0.0,True,False
NORM,platt,M1,MERL,D4,CPSC2018,Normal,D1,PTB-XL,NORM,1031,297,299,127,142,157,0.09857082081777342,0.079328465024316,0.09919238231749587,0.08770206936545817,0.08234271919157249,0.09729306420314147,0.15800450694987322,0.15218862327581228,0.1625178411835862,0.5442331724391661,0.4729727574079592,0.5203417998204805,0.858975509105589,0.858975509105589,0.0,False,True
NORM,isotonic,M1,MERL,D4,CPSC2018,Normal,D1,PTB-XL,NORM,1031,297,299,127,142,157,0.09857082081777342,0.07534318144053609,0.11574404055682543,0.08770206936545817,0.06670461126485071,0.1283467728919992,0.15800450694987322,0.15285349330606512,0.16187631421566948,0.5442331724391661,0.47358854622955465,0.8942423330042494,0.858975509105589,0.8577868484794114,-0.0011886606261775068,False,True
NORM,temperature,M1,MERL,D4,CPSC2018,Normal,D1,PTB-XL,NORM,1031,297,299,127,142,157,0.09857082081777342,0.06067397049541605,0.08565607076897738,0.08770206936545817,0.07997895947267482,0.07914237982814806,0.15800450694987322,0.15101636509192043,0.15425072187899938,0.5442331724391661,0.46185411902598134,0.5001083135573942,0.858975509105589,0.858975509105589,0.0,False,False
NORM,platt,M2,ST-MEM,D4,CPSC2018,Normal,D1,PTB-XL,NORM,1031,297,299,127,142,157,0.1524911653635153,0.05689641963615899,0.123526657969657,0.14069038578325366,0.11391664030816236,0.13055353356917956,0.17341594203560776,0.15742688793761467,0.17016767615838527,0.6842038605865577,0.4862647416720939,0.5512959053812648,0.8795191531353728,0.8795191531353728,0.0,False,False
NORM,isotonic,M2,ST-MEM,D4,CPSC2018,Normal,D1,PTB-XL,NORM,1031,297,299,127,142,157,0.1524911653635153,0.03277215043466907,0.09002455917852908,0.14069038578325366,0.060335051394400964,0.08619011377447745,0.17341594203560776,0.1412928164944475,0.1543496942073055,0.6842038605865577,0.5082191706073546,0.7205157282465892,0.8795191531353728,0.8745626625998026,-0.004956490535570124,False,False
NORM,temperature,M2,ST-MEM,D4,CPSC2018,Normal,D1,PTB-XL,NORM,1031,297,299,127,142,157,0.1524911653635153,0.06138609345652616,0.10039795456449525,0.14069038578325366,0.06425760240119292,0.07827790817379762,0.17341594203560776,0.14178684940667435,0.14750522984475847,0.6842038605865577,0.4296466914508812,0.45395136486209303,0.8795191531353728,0.8795191531353728,0.0,False,False
NORM,platt,M3,HuBERT-ECG,D4,CPSC2018,Normal,D1,PTB-XL,NORM,1031,297,299,127,142,157,0.17794302174226012,0.08527250955598788,0.1258673250474425,0.16695867325072508,0.11485204945233747,0.13875171901421618,0.1781977024889978,0.15866487969293996,0.17950585959744716,0.7753726613557205,0.4935083405494096,0.5642604385803159,0.8648066744415537,0.8648066744415537,0.0,False,False
NORM,isotonic,M3,HuBERT-ECG,D4,CPSC2018,Normal,D1,PTB-XL,NORM,1031,297,299,127,142,157,0.17794302174226012,0.03681605793612916,0.14703990780010204,0.16695867325072508,0.04262293427795375,0.14440035754965508,0.1781977024889978,0.1482401527134311,0.17332704007215347,0.7753726613557205,0.49292206457714205,0.5404220474667008,0.8648066744415537,0.8559477886426842,-0.008858885798869509,False,False
NORM,temperature,M3,HuBERT-ECG,D4,CPSC2018,Normal,D1,PTB-XL,NORM,1031,297,299,127,142,157,0.17794302174226012,0.07156125436735307,0.11126706391272805,0.16695867325072508,0.0709373280212688,0.10540782779310354,0.1781977024889978,0.15000722889247584,0.15760967671998913,0.7753726613557205,0.45851144909300784,0.5031519437593283,0.8648066744415537,0.8648066744415538,1.1102230246251565e-16,False,False
NORM,platt,M4,ECGFM-KED,D4,CPSC2018,Normal,D1,PTB-XL,NORM,1031,297,299,127,142,157,0.09298565645744361,0.0760001534333503,0.10660243759496686,0.09536432270148378,0.10026282569910214,0.10540645585583845,0.1653998281258753,0.1652368958028697,0.1701379528492962,0.5051459542564344,0.501635087929992,0.5206452514334277,0.8410783170359738,0.8410783170359738,0.0,False,True
NORM,isotonic,M4,ECGFM-KED,D4,CPSC2018,Normal,D1,PTB-XL,NORM,1031,297,299,127,142,157,0.09298565645744361,0.03592641297906502,0.06812781222030267,0.09536432270148378,0.06463230797247133,0.09754080083553608,0.1653998281258753,0.16722930577095357,0.16925976618660685,0.5051459542564344,0.4990038098282607,0.5156549596854315,0.8410783170359738,0.8298645375437338,-0.011213779492240006,False,False
NORM,temperature,M4,ECGFM-KED,D4,CPSC2018,Normal,D1,PTB-XL,NORM,1031,297,299,127,142,157,0.09298565645744361,0.09267613098171093,0.0866421816196159,0.09536432270148378,0.08587189937786895,0.09098088943082194,0.1653998281258753,0.16546847182196558,0.16448981364380072,0.5051459542564344,0.494413924912704,0.49830913914025715,0.8410783170359738,0.8410783170359738,0.0,True,False
NORM,platt,M5,ECG-FM,D4,CPSC2018,Normal,D1,PTB-XL,NORM,1031,297,299,127,142,157,0.11176336894988684,0.08321644426554824,0.10892395770414068,0.11342895256861321,0.09538569479513433,0.11997300399598664,0.16827306417294868,0.1623936073663584,0.17208369031149717,0.5872323085347254,0.49676301309398124,0.5334577127813485,0.848748542208666,0.848748542208666,0.0,False,False
NORM,isotonic,M5,ECG-FM,D4,CPSC2018,Normal,D1,PTB-XL,NORM,1031,297,299,127,142,157,0.11176336894988684,0.049357940073329054,0.10486643250983325,0.11342895256861321,0.07623372112800271,0.0958394067343177,0.16827306417294868,0.15551221938964074,0.1667367045379547,0.5872323085347254,0.5147658234712622,0.7209571245700138,0.848748542208666,0.848187853234054,-0.0005606889746120336,False,False
NORM,temperature,M5,ECG-FM,D4,CPSC2018,Normal,D1,PTB-XL,NORM,1031,297,299,127,142,157,0.11176336894988684,0.07681472441258572,0.09049376655463896,0.11342895256861321,0.06517759193163201,0.09716568058760405,0.16827306417294868,0.156652831402054,0.16317257794073567,0.5872323085347254,0.49068068479393956,0.5423012686967472,0.848748542208666,0.848748542208666,0.0,True,False
NORM,platt,M6,S4D,D4,CPSC2018,Normal,D1,PTB-XL,NORM,1031,297,299,127,142,157,0.09176053862828372,0.10155054539745799,0.1295545204294575,0.06820027226839398,0.09046030346029736,0.10287967225594465,0.18866248408675806,0.19354553756605763,0.1996581270757686,0.5490629977588762,0.5624106421788122,0.6189473848454482,0.7767560778684848,0.7767560778684848,0.0,False,True
NORM,isotonic,M6,S4D,D4,CPSC2018,Normal,D1,PTB-XL,NORM,1031,297,299,127,142,157,0.09176053862828372,0.09228478186634063,0.09016935517656409,0.06820027226839398,0.09974138153126194,0.10768452510457548,0.18866248408675806,0.19826682882489136,0.19210168578165018,0.5490629977588762,0.6179300278860251,0.5566091209540612,0.7767560778684848,0.7660132771149188,-0.010742800753565929,True,False
NORM,temperature,M6,S4D,D4,CPSC2018,Normal,D1,PTB-XL,NORM,1031,297,299,127,142,157,0.09176053862828372,0.08747487133723417,0.07382986345584243,0.06820027226839398,0.06929333963487908,0.06804208412826684,0.18866248408675806,0.18866104351251467,0.18881472196778779,0.5490629977588762,0.5491975202240967,0.5494739669121591,0.7767560778684848,0.7767560778684848,0.0,True,False
NORM,platt,M1,MERL,D4,CPSC2018,Normal,D3,CODE-15%,NORM,1031,1200,1197,127,459,738,0.06800183092833632,0.05964444473944323,0.13778653567776272,0.06918091398167951,0.06399993173738901,0.13296971030529794,0.2104643966281245,0.2078130344303157,0.22793908962587967,0.6091033151132086,0.5995102636313737,0.6638858122699842,0.7113319281340962,0.7113319281340962,0.0,False,True
NORM,isotonic,M1,MERL,D4,CPSC2018,Normal,D3,CODE-15%,NORM,1031,1200,1197,127,459,738,0.06800183092833632,0.044487709660817144,0.05985710666476921,0.06918091398167951,0.05114448502858789,0.0702729159867643,0.2104643966281245,0.2057878097019834,0.2107481882800187,0.6091033151132086,0.6124780031466669,0.6118646418115645,0.7113319281340962,0.7124729144894935,0.0011409863553972777,False,False
NORM,temperature,M1,MERL,D4,CPSC2018,Normal,D3,CODE-15%,NORM,1031,1200,1197,127,459,738,0.06800183092833632,0.041149673197660656,0.05309281930313544,0.06918091398167951,0.05431254729004058,0.05541318037704774,0.2104643966281245,0.20637736649442823,0.20732804067262853,0.6091033151132086,0.5948305753321723,0.5977079052156696,0.7113319281340962,0.7113319281340962,0.0,False,False
NORM,platt,M2,ST-MEM,D4,CPSC2018,Normal,D3,CODE-15%,NORM,1031,1200,1197,127,459,738,0.11190924219991062,0.0642609848992024,0.1262206016952887,0.10994581279991654,0.07238128224460663,0.12849061002337314,0.20395583584833366,0.19583342613795066,0.2144577647313567,0.6130926425461356,0.5713759098959501,0.6349004653295327,0.7590142350225245,0.7590142350225245,0.0,False,True
NORM,isotonic,M2,ST-MEM,D4,CPSC2018,Normal,D3,CODE-15%,NORM,1031,1200,1197,127,459,738,0.11190924219991062,0.040235154803588434,0.07073310576428588,0.10994581279991654,0.03983622450939455,0.0788494748267772,0.20395583584833366,0.19119835318290007,0.20042398434612343,0.6130926425461356,0.586287022465146,0.5784861377493157,0.7590142350225245,0.7541491754786829,-0.004865059543841643,False,False
NORM,temperature,M2,ST-MEM,D4,CPSC2018,Normal,D3,CODE-15%,NORM,1031,1200,1197,127,459,738,0.11190924219991062,0.037313269137642296,0.03622356649201255,0.10994581279991654,0.03915090774649991,0.040092056808225536,0.20395583584833366,0.1909981811676016,0.19087569082743058,0.6130926425461356,0.5564110265386324,0.5560635271429576,0.7590142350225245,0.7590142350225245,0.0,True,False
NORM,platt,M3,HuBERT-ECG,D4,CPSC2018,Normal,D3,CODE-15%,NORM,1031,1200,1197,127,459,738,0.1121359931907099,0.07315442005473385,0.1452005879225465,0.10497320381418797,0.07892629707660768,0.14263435110549458,0.21036402183607666,0.202094596837614,0.22283117514930845,0.6146123480944601,0.5870416158812143,0.6489619360188156,0.7359701483725077,0.7359701483725077,0.0,False,True
NORM,isotonic,M3,HuBERT-ECG,D4,CPSC2018,Normal,D3,CODE-15%,NORM,1031,1200,1197,127,459,738,0.1121359931907099,0.049886303271920875,0.06361866946637534,0.10497320381418797,0.05560648057047615,0.06535899631651462,0.21036402183607666,0.20017310735414665,0.2035635033857074,0.6146123480944601,0.5774438031329182,0.5855796240157397,0.7359701483725077,0.7331671301462471,-0.002803018226260612,False,False
NORM,temperature,M3,HuBERT-ECG,D4,CPSC2018,Normal,D3,CODE-15%,NORM,1031,1200,1197,127,459,738,0.1121359931907099,0.05208640233277579,0.05650485598982231,0.10497320381418797,0.056877772399242174,0.061098322091948376,0.21036402183607666,0.19901357832834135,0.19895896410688924,0.6146123480944601,0.5750526597921645,0.5757223380177456,0.7359701483725077,0.7359701483725077,0.0,True,False
NORM,platt,M5,ECG-FM,D4,CPSC2018,Normal,D3,CODE-15%,NORM,1031,1200,1197,127,459,738,0.07320928253728723,0.06957989729756846,0.1463854881302993,0.08550740062983593,0.07985176906704601,0.1465286734454789,0.23313119977836816,0.22746628051404966,0.24924658138992806,0.6677752376743824,0.6458610127602156,0.7105347039135737,0.6340636826847571,0.6340636826847571,0.0,False,True
NORM,isotonic,M5,ECG-FM,D4,CPSC2018,Normal,D3,CODE-15%,NORM,1031,1200,1197,127,459,738,0.07320928253728723,0.04840503500830198,0.11552108045384955,0.08550740062983593,0.047029785570999745,0.11304029452815578,0.23313119977836816,0.2238068322204238,0.2401903776568855,0.6677752376743824,0.6625195047871997,0.6894090910512001,0.6340636826847571,0.6272000519569466,-0.006863630727810488,False,True
NORM,temperature,M5,ECG-FM,D4,CPSC2018,Normal,D3,CODE-15%,NORM,1031,1200,1197,127,459,738,0.07320928253728723,0.07125333146617145,0.05753981549236537,0.08550740062983593,0.07691373264824444,0.07438864722858704,0.23313119977836816,0.229010975705565,0.23033020766350137,0.6677752376743824,0.6506234999542326,0.657022698894393,0.6340636826847571,0.6340636826847571,0.0,True,False
NORM,platt,M6,S4D,D4,CPSC2018,Normal,D3,CODE-15%,NORM,1031,1200,1197,127,459,738,0.03787186478554947,0.03838382398454782,0.11405485622273925,0.05466816528139487,0.052723311347247316,0.11487856109166118,0.22112755557194394,0.22088940882665345,0.23403326982186598,0.6338833058554036,0.6311329725689224,0.6642192448099269,0.6556582886090299,0.6556582886090299,0.0,False,True
NORM,isotonic,M6,S4D,D4,CPSC2018,Normal,D3,CODE-15%,NORM,1031,1200,1197,127,459,738,0.03787186478554947,0.03786876739763525,0.08095928275504446,0.05466816528139487,0.0521763781312492,0.06572886931811633,0.22112755557194394,0.22305408432332666,0.22677743427623057,0.6338833058554036,0.7034583242715537,0.6473774988495035,0.6556582886090299,0.6322658542489564,-0.023392434360073433,False,True
NORM,temperature,M6,S4D,D4,CPSC2018,Normal,D3,CODE-15%,NORM,1031,1200,1197,127,459,738,0.03787186478554947,0.03907603976745429,0.048667481636758145,0.05466816528139487,0.054616007020140474,0.05469897250611613,0.22112755557194394,0.2213024510697918,0.22102292001068655,0.6338833058554036,0.633899604928761,0.6341691053149109,0.6556582886090299,0.6556582886090299,0.0,False,True
NORM,platt,M1,MERL,D4,CPSC2018,Normal,D5,MIMIC-IV-ECG,SR,1031,298,301,127,269,32,0.0963608456595892,0.05540200171073254,0.11189032820765749,0.10242552091576801,0.05954084539284707,0.11568603631413711,0.08962636629826637,0.07364242250417671,0.10188806817799738,0.405467421937041,0.2734494299410516,0.36648074253273333,0.7749767657992565,0.7749767657992565,0.0,False,True
NORM,isotonic,M1,MERL,D4,CPSC2018,Normal,D5,MIMIC-IV-ECG,SR,1031,298,301,127,269,32,0.0963608456595892,0.0815246774090852,0.13613355428167384,0.10242552091576801,0.07502218716123517,0.13204461996018133,0.08962636629826637,0.08127143523640087,0.10388791754768305,0.405467421937041,0.42202210838311943,0.7327660832487574,0.7749767657992565,0.762314126394052,-0.012662639405204401,False,True
NORM,temperature,M1,MERL,D4,CPSC2018,Normal,D5,MIMIC-IV-ECG,SR,1031,298,301,127,269,32,0.0963608456595892,0.10135852783464135,0.09829866750305677,0.10242552091576801,0.10796274483479654,0.10263607843786623,0.08962636629826637,0.09318055358553959,0.08940432862445043,0.405467421937041,0.33588559769367693,0.3654343479240732,0.7749767657992565,0.7749767657992565,0.0,False,True
NORM,platt,M2,ST-MEM,D4,CPSC2018,Normal,D5,MIMIC-IV-ECG,SR,1031,298,301,127,269,32,0.09590852209651737,0.05044475137497166,0.14130275128575812,0.09795501318618431,0.06835510656334126,0.141025241932557,0.09056812525173245,0.07430778854896004,0.10210550961913517,0.3824389269610017,0.2726768133422992,0.37578849025370764,0.8482806691449815,0.8482806691449815,0.0,False,True
NORM,isotonic,M2,ST-MEM,D4,CPSC2018,Normal,D5,MIMIC-IV-ECG,SR,1031,298,301,127,269,32,0.09590852209651737,0.0328080326270838,0.08515305937004496,0.09795501318618431,0.05065261100114108,0.08262628211348973,0.09056812525173245,0.0717868627613236,0.08970768923247134,0.3824389269610017,0.2890354728406848,0.4426087086917023,0.8482806691449815,0.8324814126394051,-0.015799256505576342,False,False
NORM,temperature,M2,ST-MEM,D4,CPSC2018,Normal,D5,MIMIC-IV-ECG,SR,1031,298,301,127,269,32,0.09590852209651737,0.09014950756775285,0.06808228057318665,0.09795501318618431,0.08896570225884785,0.07270097748338203,0.09056812525173245,0.0842736636344766,0.08323532429812458,0.3824389269610017,0.2814808309835767,0.27389747492359295,0.8482806691449815,0.8482806691449815,0.0,True,False
NORM,platt,M3,HuBERT-ECG,D4,CPSC2018,Normal,D5,MIMIC-IV-ECG,SR,1031,298,301,127,269,32,0.1481806987986214,0.037761459826350124,0.24916465897115203,0.14826598225225618,0.06758910148126586,0.24916465897115198,0.13520667019003926,0.09207338300700141,0.17695672315435165,0.6734248567944107,0.3272446262585234,0.5729676410584859,0.6560176579925651,0.6560176579925651,0.0,False,True
NORM,isotonic,M3,HuBERT-ECG,D4,CPSC2018,Normal,D5,MIMIC-IV-ECG,SR,1031,298,301,127,269,32,0.1481806987986214,0.06684894210461101,0.30084013018079375,0.14826598225225618,0.07599002365817906,0.3008401301807938,0.13520667019003926,0.09499270912144707,0.18844764071025324,0.6734248567944107,0.4279178527721407,0.587424747960215,0.6560176579925651,0.6171584572490706,-0.03885920074349447,False,True
NORM,temperature,M3,HuBERT-ECG,D4,CPSC2018,Normal,D5,MIMIC-IV-ECG,SR,1031,298,301,127,269,32,0.1481806987986214,0.1345763803602156,0.12138156913572465,0.14826598225225618,0.14521011883118076,0.13030821930753425,0.13520667019003926,0.12391760298158769,0.1242121210222134,0.6734248567944107,0.4016043818077909,0.4349319266623363,0.6560176579925651,0.6560176579925651,0.0,True,False
NORM,platt,M4,ECGFM-KED,D4,CPSC2018,Normal,D5,MIMIC-IV-ECG,SR,1031,298,301,127,269,32,0.06539028597890602,0.03481512688390476,0.05289998305104188,0.07914959506899089,0.05412121598018598,0.07254821417877054,0.10271897001312112,0.09596303401733164,0.10061899376882183,0.4326884095916403,0.34310012159920633,0.35516553688862973,0.5727230483271375,0.5727230483271375,0.0,False,False
NORM,isotonic,M4,ECGFM-KED,D4,CPSC2018,Normal,D5,MIMIC-IV-ECG,SR,1031,298,301,127,269,32,0.06539028597890602,0.0515609456697686,0.14522177802082128,0.07914959506899089,0.06356554282661395,0.1453475824140314,0.10271897001312112,0.09566521586760603,0.11817497378669498,0.4326884095916403,0.3445987388786353,0.5805907542041486,0.5727230483271375,0.5419958178438661,-0.030727230483271417,False,True
NORM,temperature,M4,ECGFM-KED,D4,CPSC2018,Normal,D5,MIMIC-IV-ECG,SR,1031,298,301,127,269,32,0.06539028597890602,0.1163373893610638,0.06943200123274863,0.07914959506899089,0.12013393324301593,0.0828670804785227,0.10271897001312112,0.11349996229574631,0.10344672442928497,0.4326884095916403,0.42041952632609053,0.424952494947812,0.5727230483271375,0.5727230483271375,0.0,False,True
NORM,platt,M5,ECG-FM,D4,CPSC2018,Normal,D5,MIMIC-IV-ECG,SR,1031,298,301,127,269,32,0.0892312478295886,0.04296756531026586,0.09985891831004569,0.096233105418949,0.06414425999663588,0.1057518520487923,0.11012631847932744,0.09405410220095281,0.11975122607644062,0.42310094377337126,0.3359228350466005,0.4004037015695422,0.6412639405204461,0.6412639405204461,0.0,False,True
NORM,isotonic,M5,ECG-FM,D4,CPSC2018,Normal,D5,MIMIC-IV-ECG,SR,1031,298,301,127,269,32,0.0892312478295886,0.04988311826731614,0.13054197521850866,0.096233105418949,0.0686239692990175,0.1265320171237306,0.11012631847932744,0.09430987389271134,0.1265613292694573,0.42310094377337126,0.3377045722990027,0.7442841076649848,0.6412639405204461,0.6471305762081785,0.00586663568773238,False,True
NORM,temperature,M5,ECG-FM,D4,CPSC2018,Normal,D5,MIMIC-IV-ECG,SR,1031,298,301,127,269,32,0.0892312478295886,0.1394701363671182,0.08530155746475206,0.096233105418949,0.1385348497588422,0.10035613215228067,0.11012631847932744,0.11953604020620746,0.11071425564775418,0.42310094377337126,0.4043446552524215,0.40284295890011185,0.6412639405204461,0.6412639405204461,0.0,True,False
NORM,platt,M6,S4D,D4,CPSC2018,Normal,D5,MIMIC-IV-ECG,SR,1031,298,301,127,269,32,0.044836722617896126,0.04705112543589604,0.08413359360868047,0.05335009626564591,0.05579946581386223,0.0778486574941319,0.09279690397166834,0.0934339105481477,0.09885913397228475,0.33244407594807646,0.3343881301620113,0.41011282441782143,0.6409154275092936,0.6409154275092936,0.0,False,True
NORM,isotonic,M6,S4D,D4,CPSC2018,Normal,D5,MIMIC-IV-ECG,SR,1031,298,301,127,269,32,0.044836722617896126,0.05076607224546657,0.3523055978817476,0.05335009626564591,0.06468082902138851,0.35230559788174765,0.09279690397166834,0.09649277995920415,0.21632785306445484,0.33244407594807646,0.3794639450008417,0.6339275937252085,0.6409154275092936,0.5277067843866171,-0.11320864312267653,False,True
NORM,temperature,M6,S4D,D4,CPSC2018,Normal,D5,MIMIC-IV-ECG,SR,1031,298,301,127,269,32,0.044836722617896126,0.06452745486207732,0.031137828157654188,0.05335009626564591,0.07195026282004768,0.05000947432265089,0.09279690397166834,0.09525079051362158,0.09248494912385335,0.33244407594807646,0.339425739326256,0.33252484454869835,0.6409154275092936,0.6409154275092936,0.0,True,False
NORM,platt,M1,MERL,D5,MIMIC-IV-ECG,SR,D1,PTB-XL,NORM,298,297,299,256,142,157,0.09857082081777342,0.079328465024316,0.18128483895011313,0.08770206936545817,0.08234271919157249,0.18275814271858257,0.15800450694987322,0.15218862327581228,0.19107148581425112,0.5442331724391661,0.4729727574079592,0.5759277715240159,0.858975509105589,0.858975509105589,0.0,False,True
NORM,isotonic,M1,MERL,D5,MIMIC-IV-ECG,SR,D1,PTB-XL,NORM,298,297,299,256,142,157,0.09857082081777342,0.07534318144053609,0.10209508163819156,0.08770206936545817,0.06670461126485071,0.10617921174605807,0.15800450694987322,0.15285349330606512,0.17104723234480107,0.5442331724391661,0.47358854622955465,0.5443686848357772,0.858975509105589,0.8454292634789629,-0.013546245626626097,False,True
NORM,temperature,M1,MERL,D5,MIMIC-IV-ECG,SR,D1,PTB-XL,NORM,298,297,299,256,142,157,0.09857082081777342,0.06067397049541605,0.0766253579590623,0.08770206936545817,0.07997895947267482,0.07926263112510051,0.15800450694987322,0.15101636509192043,0.15085634304932544,0.5442331724391661,0.46185411902598134,0.4622976428656125,0.858975509105589,0.858975509105589,0.0,False,False
NORM,platt,M2,ST-MEM,D5,MIMIC-IV-ECG,SR,D1,PTB-XL,NORM,298,297,299,256,142,157,0.1524911653635153,0.05689641963615899,0.21252132690250305,0.14069038578325366,0.11391664030816236,0.22408958036038018,0.17341594203560776,0.15742688793761467,0.2110505249355783,0.6842038605865577,0.4862647416720939,0.6203457624429373,0.8795191531353728,0.8795191531353728,0.0,False,True
NORM,isotonic,M2,ST-MEM,D5,MIMIC-IV-ECG,SR,D1,PTB-XL,NORM,298,297,299,256,142,157,0.1524911653635153,0.03277215043466907,0.10829318882857981,0.14069038578325366,0.060335051394400964,0.1036695494573529,0.17341594203560776,0.1412928164944475,0.16384612001486545,0.6842038605865577,0.5082191706073546,0.5704054163878937,0.8795191531353728,0.8717592177267426,-0.007759935408630181,False,False
NORM,temperature,M2,ST-MEM,D5,MIMIC-IV-ECG,SR,D1,PTB-XL,NORM,298,297,299,256,142,157,0.1524911653635153,0.06138609345652616,0.05815572478437909,0.14069038578325366,0.06425760240119292,0.06800121246059679,0.17341594203560776,0.14178684940667435,0.1424562279427857,0.6842038605865577,0.4296466914508812,0.4311040614850463,0.8795191531353728,0.8795191531353728,0.0,True,False
NORM,platt,M3,HuBERT-ECG,D5,MIMIC-IV-ECG,SR,D1,PTB-XL,NORM,298,297,299,256,142,157,0.17794302174226012,0.08527250955598788,0.23969833297004953,0.16695867325072508,0.11485204945233747,0.24703389162304754,0.1781977024889978,0.15866487969293996,0.22427892721775877,0.7753726613557205,0.4935083405494096,0.6448797353249278,0.8648066744415537,0.8648066744415537,0.0,False,True
NORM,isotonic,M3,HuBERT-ECG,D5,MIMIC-IV-ECG,SR,D1,PTB-XL,NORM,298,297,299,256,142,157,0.17794302174226012,0.03681605793612916,0.12761568563298792,0.16695867325072508,0.04262293427795375,0.11985430421233993,0.1781977024889978,0.1482401527134311,0.17269879077160455,0.7753726613557205,0.49292206457714205,0.8164470136248859,0.8648066744415537,0.8547591280165067,-0.010047546425047016,False,False
NORM,temperature,M3,HuBERT-ECG,D5,MIMIC-IV-ECG,SR,D1,PTB-XL,NORM,298,297,299,256,142,157,0.17794302174226012,0.07156125436735307,0.05757491866690981,0.16695867325072508,0.0709373280212688,0.06472031323765572,0.1781977024889978,0.15000722889247584,0.149433914415364,0.7753726613557205,0.45851144909300784,0.45548080700495086,0.8648066744415537,0.8648066744415538,1.1102230246251565e-16,True,False
NORM,platt,M4,ECGFM-KED,D5,MIMIC-IV-ECG,SR,D1,PTB-XL,NORM,298,297,299,256,142,157,0.09298565645744361,0.0760001534333503,0.37050291453550166,0.09536432270148378,0.10026282569910214,0.382255493370999,0.1653998281258753,0.1652368958028697,0.3800694999600851,0.5051459542564344,0.501635087929992,1.0359310953268066,0.8410783170359738,0.8410783170359738,0.0,False,True
NORM,isotonic,M4,ECGFM-KED,D5,MIMIC-IV-ECG,SR,D1,PTB-XL,NORM,298,297,299,256,142,157,0.09298565645744361,0.03592641297906502,0.20658335492995383,0.09536432270148378,0.06463230797247133,0.20304592246275557,0.1653998281258753,0.16722930577095357,0.22165422282112002,0.5051459542564344,0.4990038098282607,0.6351577370626718,0.8410783170359738,0.8099937202834844,-0.031084596752489424,False,True
NORM,temperature,M4,ECGFM-KED,D5,MIMIC-IV-ECG,SR,D1,PTB-XL,NORM,298,297,299,256,142,157,0.09298565645744361,0.09267613098171093,0.09135581681940978,0.09536432270148378,0.08587189937786895,0.08112898068017706,0.1653998281258753,0.16546847182196558,0.1634079277002061,0.5051459542564344,0.494413924912704,0.48759817814988377,0.8410783170359738,0.8410783170359738,0.0,True,False
NORM,platt,M5,ECG-FM,D5,MIMIC-IV-ECG,SR,D1,PTB-XL,NORM,298,297,299,256,142,157,0.11176336894988684,0.08321644426554824,0.3387242225703097,0.11342895256861321,0.09538569479513433,0.340738316703104,0.16827306417294868,0.1623936073663584,0.32840505351755456,0.5872323085347254,0.49676301309398124,0.8774395048681864,0.848748542208666,0.848748542208666,0.0,False,True
NORM,isotonic,M5,ECG-FM,D5,MIMIC-IV-ECG,SR,D1,PTB-XL,NORM,298,297,299,256,142,157,0.11176336894988684,0.049357940073329054,0.3254327559639658,0.11342895256861321,0.07623372112800271,0.33262713101713837,0.16827306417294868,0.15551221938964074,0.3254076602699443,0.5872323085347254,0.5147658234712622,0.8636681923428916,0.848748542208666,0.8030411769982955,-0.045707365210370554,False,True
NORM,temperature,M5,ECG-FM,D5,MIMIC-IV-ECG,SR,D1,PTB-XL,NORM,298,297,299,256,142,157,0.11176336894988684,0.07681472441258572,0.0725206427826649,0.11342895256861321,0.06517759193163201,0.06510622386364637,0.16827306417294868,0.156652831402054,0.15660998781805407,0.5872323085347254,0.49068068479393956,0.4894641761421571,0.848748542208666,0.848748542208666,0.0,True,False
NORM,platt,M6,S4D,D5,MIMIC-IV-ECG,SR,D1,PTB-XL,NORM,298,297,299,256,142,157,0.09176053862828372,0.10155054539745799,0.10163205714606437,0.06820027226839398,0.09046030346029736,0.09158549335084419,0.18866248408675806,0.19354553756605763,0.1939530459874216,0.5490629977588762,0.5624106421788122,0.5631827111547989,0.7767560778684848,0.7767560778684848,0.0,False,True
NORM,isotonic,M6,S4D,D5,MIMIC-IV-ECG,SR,D1,PTB-XL,NORM,298,297,299,256,142,157,0.09176053862828372,0.09228478186634063,0.07372982363696896,0.06820027226839398,0.09974138153126194,0.08152621594985204,0.18866248408675806,0.19826682882489136,0.1845076863910209,0.5490629977588762,0.6179300278860251,0.5390353048423496,0.7767560778684848,0.7737059298465956,-0.0030501480218891874,True,False
NORM,temperature,M6,S4D,D5,MIMIC-IV-ECG,SR,D1,PTB-XL,NORM,298,297,299,256,142,157,0.09176053862828372,0.08747487133723417,0.07213624168323508,0.06820027226839398,0.06929333963487908,0.07378371273402745,0.18866248408675806,0.18866104351251467,0.18909143948112275,0.5490629977588762,0.5491975202240967,0.5509330985826975,0.7767560778684848,0.7767560778684848,0.0,True,False
NORM,platt,M1,MERL,D5,MIMIC-IV-ECG,SR,D3,CODE-15%,NORM,298,1200,1197,256,459,738,0.06800183092833632,0.05964444473944323,0.24519839060890783,0.06918091398167951,0.06399993173738901,0.24519839060890788,0.2104643966281245,0.2078130344303157,0.26612419677514865,0.6091033151132086,0.5995102636313737,0.7373561656966073,0.7113319281340962,0.7113319281340962,0.0,False,True
NORM,isotonic,M1,MERL,D5,MIMIC-IV-ECG,SR,D3,CODE-15%,NORM,298,1200,1197,256,459,738,0.06800183092833632,0.044487709660817144,0.25983985099568824,0.06918091398167951,0.05114448502858789,0.2595365340809063,0.2104643966281245,0.2057878097019834,0.28258300012572624,0.6091033151132086,0.6124780031466669,0.8136658867037462,0.7113319281340962,0.6844264956810788,-0.026905432453017353,False,True
NORM,temperature,M1,MERL,D5,MIMIC-IV-ECG,SR,D3,CODE-15%,NORM,298,1200,1197,256,459,738,0.06800183092833632,0.041149673197660656,0.0400257105857967,0.06918091398167951,0.05431254729004058,0.05712382412805455,0.2104643966281245,0.20637736649442823,0.20736305290245807,0.6091033151132086,0.5948305753321723,0.5979763442711744,0.7113319281340962,0.7113319281340962,0.0,True,False
NORM,platt,M2,ST-MEM,D5,MIMIC-IV-ECG,SR,D3,CODE-15%,NORM,298,1200,1197,256,459,738,0.11190924219991062,0.0642609848992024,0.28401038740210915,0.10994581279991654,0.07238128224460663,0.28401038740210904,0.20395583584833366,0.19583342613795066,0.2760300728039744,0.6130926425461356,0.5713759098959501,0.7655181363103315,0.7590142350225245,0.7590142350225245,0.0,False,True
NORM,isotonic,M2,ST-MEM,D5,MIMIC-IV-ECG,SR,D3,CODE-15%,NORM,298,1200,1197,256,459,738,0.11190924219991062,0.040235154803588434,0.25793270846685573,0.10994581279991654,0.03983622450939455,0.2525168473962538,0.20395583584833366,0.19119835318290007,0.2624106241727622,0.6130926425461356,0.586287022465146,0.7376038192325076,0.7590142350225245,0.7355066687921781,-0.023507566230346444,False,True
NORM,temperature,M2,ST-MEM,D5,MIMIC-IV-ECG,SR,D3,CODE-15%,NORM,298,1200,1197,256,459,738,0.11190924219991062,0.037313269137642296,0.05076963179778241,0.10994581279991654,0.03915090774649991,0.054859982818195194,0.20395583584833366,0.1909981811676016,0.19319423700896593,0.6130926425461356,0.5564110265386324,0.5633921348562546,0.7590142350225245,0.7590142350225245,0.0,False,False
NORM,platt,M3,HuBERT-ECG,D5,MIMIC-IV-ECG,SR,D3,CODE-15%,NORM,298,1200,1197,256,459,738,0.1121359931907099,0.07315442005473385,0.3119580783847179,0.10497320381418797,0.07892629707660768,0.31195807838471784,0.21036402183607666,0.202094596837614,0.30224559529377215,0.6146123480944601,0.5870416158812143,0.8169943858587297,0.7359701483725077,0.7359701483725077,0.0,False,True
NORM,isotonic,M3,HuBERT-ECG,D5,MIMIC-IV-ECG,SR,D3,CODE-15%,NORM,298,1200,1197,256,459,738,0.1121359931907099,0.049886303271920875,0.27955315610345227,0.10497320381418797,0.05560648057047615,0.27900325891704975,0.21036402183607666,0.20017310735414665,0.29463660307116135,0.6146123480944601,0.5774438031329182,0.7938601391076859,0.7359701483725077,0.6932931257417151,-0.04267702263079265,False,True
NORM,temperature,M3,HuBERT-ECG,D5,MIMIC-IV-ECG,SR,D3,CODE-15%,NORM,298,1200,1197,256,459,738,0.1121359931907099,0.05208640233277579,0.08479466377322707,0.10497320381418797,0.056877772399242174,0.0968658768218082,0.21036402183607666,0.19901357832834135,0.20581819849803906,0.6146123480944601,0.5750526597921645,0.5972607860362292,0.7359701483725077,0.7359701483725077,0.0,False,False
NORM,platt,M5,ECG-FM,D5,MIMIC-IV-ECG,SR,D3,CODE-15%,NORM,298,1200,1197,256,459,738,0.07320928253728723,0.06957989729756846,0.41320944578019564,0.08550740062983593,0.07985176906704601,0.41320944578019564,0.23313119977836816,0.22746628051404966,0.40251663217481126,0.6677752376743824,0.6458610127602156,1.0584542411442477,0.6340636826847571,0.6340636826847571,0.0,False,True
NORM,isotonic,M5,ECG-FM,D5,MIMIC-IV-ECG,SR,D3,CODE-15%,NORM,298,1200,1197,256,459,738,0.07320928253728723,0.04840503500830198,0.376269806072114,0.08550740062983593,0.047029785570999745,0.3762698060721139,0.23313119977836816,0.2238068322204238,0.37650182167640034,0.6677752376743824,0.6625195047871997,0.9820450708083662,0.6340636826847571,0.5365706053574697,-0.0974930773272874,False,True
NORM,temperature,M5,ECG-FM,D5,MIMIC-IV-ECG,SR,D3,CODE-15%,NORM,298,1200,1197,256,459,738,0.07320928253728723,0.07125333146617145,0.07165967531347625,0.08550740062983593,0.07691373264824444,0.07967844138637353,0.23313119977836816,0.229010975705565,0.22930682224671642,0.6677752376743824,0.6506234999542326,0.6511100086772237,0.6340636826847571,0.6340636826847571,0.0,True,False
NORM,platt,M6,S4D,D5,MIMIC-IV-ECG,SR,D3,CODE-15%,NORM,298,1200,1197,256,459,738,0.03787186478554947,0.03838382398454782,0.06360881694730829,0.05466816528139487,0.052723311347247316,0.06942045928364582,0.22112755557194394,0.22088940882665345,0.22379603528595654,0.6338833058554036,0.6311329725689224,0.6380880449191396,0.6556582886090299,0.6556582886090299,0.0,False,True
NORM,isotonic,M6,S4D,D5,MIMIC-IV-ECG,SR,D3,CODE-15%,NORM,298,1200,1197,256,459,738,0.03787186478554947,0.03786876739763525,0.0754599397268054,0.05466816528139487,0.0521763781312492,0.08285734356491886,0.22112755557194394,0.22305408432332666,0.2255527958909823,0.6338833058554036,0.7034583242715537,0.6540792909921251,0.6556582886090299,0.6556597646586487,1.4760496188648276e-06,False,True
NORM,temperature,M6,S4D,D5,MIMIC-IV-ECG,SR,D3,CODE-15%,NORM,298,1200,1197,256,459,738,0.03787186478554947,0.03907603976745429,0.04338744171312323,0.05466816528139487,0.054616007020140474,0.0560118331791372,0.22112755557194394,0.2213024510697918,0.22194583635427556,0.6338833058554036,0.633899604928761,0.6347483825560682,0.6556582886090299,0.6556582886090299,0.0,False,True
NORM,platt,M1,MERL,D5,MIMIC-IV-ECG,SR,D4,CPSC2018,Normal,298,1031,1031,256,133,898,0.02370467984585343,0.029805178300016062,0.3268313734426426,0.02083007569307572,0.030922765005964237,0.32683137344264257,0.05877586866973468,0.059496931780007374,0.16989574213866895,0.19937896620765722,0.20449406837608056,0.5309161746105532,0.943759733409247,0.943759733409247,0.0,False,True
NORM,isotonic,M1,MERL,D5,MIMIC-IV-ECG,SR,D4,CPSC2018,Normal,298,1031,1031,256,133,898,0.02370467984585343,0.024607041986707164,0.12253599254934146,0.02083007569307572,0.009356723909011858,0.11753682612737702,0.05877586866973468,0.05931265809680305,0.10368219236120198,0.19937896620765722,0.22314386208274958,0.3381572684051981,0.943759733409247,0.9331890416464325,-0.010570691762814555,False,True
NORM,temperature,M1,MERL,D5,MIMIC-IV-ECG,SR,D4,CPSC2018,Normal,298,1031,1031,256,133,898,0.02370467984585343,0.029337016540007615,0.053735845914015715,0.02083007569307572,0.023910197460176925,0.05041587042589765,0.05877586866973468,0.058709610836745516,0.06283374464029645,0.19937896620765722,0.19543373254656699,0.21208435712798898,0.943759733409247,0.9437597334092469,-1.1102230246251565e-16,False,True
NORM,platt,M2,ST-MEM,D5,MIMIC-IV-ECG,SR,D4,CPSC2018,Normal,298,1031,1031,256,133,898,0.041708244466530674,0.027473575670217916,0.3962817322624133,0.03553902259650301,0.04622282505942886,0.3962817322624132,0.05479591214875627,0.05470243804794552,0.2196735761800156,0.1970473753540843,0.19505521052181382,0.6351373477852043,0.96268231826783,0.96268231826783,0.0,False,True
NORM,isotonic,M2,ST-MEM,D5,MIMIC-IV-ECG,SR,D4,CPSC2018,Normal,298,1031,1031,256,133,898,0.041708244466530674,0.021944132699470785,0.11081762317226836,0.03553902259650301,0.015098510263545447,0.10944966468693085,0.05479591214875627,0.05108859527771695,0.08455933131484773,0.1970473753540843,0.18850380351504206,0.2625108596090684,0.96268231826783,0.956339903210141,-0.006342415057689066,False,True
NORM,temperature,M2,ST-MEM,D5,MIMIC-IV-ECG,SR,D4,CPSC2018,Normal,298,1031,1031,256,133,898,0.041708244466530674,0.03102790450918055,0.04489107724206605,0.03553902259650301,0.021769580645668137,0.03535391290147747,0.05479591214875627,0.05143931726838049,0.05350114474509239,0.1970473753540843,0.1653936464635304,0.17762266254427142,0.96268231826783,0.9626823182678299,-1.1102230246251565e-16,False,True
NORM,platt,M3,HuBERT-ECG,D5,MIMIC-IV-ECG,SR,D4,CPSC2018,Normal,298,1031,1031,256,133,898,0.0624277377450906,0.0396911463163519,0.4527384090519038,0.06504350512900015,0.05377375073029484,0.4527384090519039,0.0885892425174987,0.08297134309313939,0.2902755529915753,0.30246624923571425,0.2831983999475802,0.7832557986221952,0.8943182008473298,0.8943182008473298,0.0,False,True
NORM,isotonic,M3,HuBERT-ECG,D5,MIMIC-IV-ECG,SR,D4,CPSC2018,Normal,298,1031,1031,256,133,898,0.0624277377450906,0.016195426864285878,0.17152948038874627,0.06504350512900015,0.02310609876062958,0.1721201440802331,0.0885892425174987,0.07896961974599064,0.14850700593212413,0.30246624923571425,0.25045262828267373,0.46948333169268475,0.8943182008473298,0.8733024096990807,-0.02101579114824914,False,True
NORM,temperature,M3,HuBERT-ECG,D5,MIMIC-IV-ECG,SR,D4,CPSC2018,Normal,298,1031,1031,256,133,898,0.0624277377450906,0.04337432729941915,0.1031296271686738,0.06504350512900015,0.045369404487186064,0.09758198250123237,0.0885892425174987,0.08267005676597794,0.09071050853648596,0.30246624923571425,0.2605817984952255,0.3016867510256242,0.8943182008473298,0.8943182008473299,1.1102230246251565e-16,False,True
NORM,platt,M4,ECGFM-KED,D5,MIMIC-IV-ECG,SR,D4,CPSC2018,Normal,298,1031,1031,256,133,898,0.029770495169617647,0.03436222991859538,0.7054685631405636,0.024143870260656553,0.028545224840334445,0.7054685631405635,0.07995030828662665,0.07965408761321828,0.6076852633018421,0.26996876069018394,0.2732694471093629,1.5816733964946135,0.8702044643903746,0.8702044643903746,0.0,False,True
NORM,isotonic,M4,ECGFM-KED,D5,MIMIC-IV-ECG,SR,D4,CPSC2018,Normal,298,1031,1031,256,133,898,0.029770495169617647,0.024384771183592637,0.3991587199793674,0.024143870260656553,0.024247043826755552,0.39915871997936736,0.07995030828662665,0.07962386061754625,0.2504066307956336,0.26996876069018394,0.27121330879975225,0.6952086775059161,0.8702044643903746,0.7179027747542576,-0.152301689636117,False,True
NORM,temperature,M4,ECGFM-KED,D5,MIMIC-IV-ECG,SR,D4,CPSC2018,Normal,298,1031,1031,256,133,898,0.029770495169617647,0.03592766211520631,0.0804783627045677,0.024143870260656553,0.03075388091365958,0.07484140575818299,0.07995030828662665,0.08048926229277134,0.08756062241966742,0.26996876069018394,0.2704583674721398,0.2940042881799343,0.8702044643903746,0.8702044643903746,0.0,False,True
NORM,platt,M5,ECG-FM,D5,MIMIC-IV-ECG,SR,D4,CPSC2018,Normal,298,1031,1031,256,133,898,0.03745833927035588,0.024145306221034127,0.6303111378651203,0.037061191466045425,0.039708133263996935,0.6303111378651202,0.08099371047615317,0.0795171241942546,0.4980269747057614,0.26719558399729515,0.27127981738287354,1.2478199035171624,0.8866319473516754,0.8866319473516754,0.0,False,True
NORM,isotonic,M5,ECG-FM,D5,MIMIC-IV-ECG,SR,D4,CPSC2018,Normal,298,1031,1031,256,133,898,0.03745833927035588,0.026410929414899195,0.6278079154161127,0.037061191466045425,0.019037579604875923,0.6278079154161125,0.08099371047615317,0.07936954598242223,0.49981346283662886,0.26719558399729515,0.2869537645427176,1.2500723183222209,0.8866319473516754,0.7142605958102382,-0.17237135154143723,False,True
NORM,temperature,M5,ECG-FM,D5,MIMIC-IV-ECG,SR,D4,CPSC2018,Normal,298,1031,1031,256,133,898,0.03745833927035588,0.04167136092278001,0.07644738352378455,0.037061191466045425,0.0370767743829831,0.07092665539273221,0.08099371047615317,0.08085682381471528,0.08604227905908803,0.26719558399729515,0.2620897853844436,0.2823266164170469,0.8866319473516754,0.8866319473516754,0.0,False,True
NORM,platt,M6,S4D,D5,MIMIC-IV-ECG,SR,D4,CPSC2018,Normal,298,1031,1031,256,133,898,0.018033693153258874,0.03361635720768527,0.04795643031345369,0.01977056033712788,0.03500886463140548,0.04604966955180869,0.09751037066514959,0.1004877789016816,0.10033659527680476,0.3151386525408369,0.33120687387566083,0.3321929716015906,0.806303062779443,0.806303062779443,0.0,False,True
NORM,isotonic,M6,S4D,D5,MIMIC-IV-ECG,SR,D4,CPSC2018,Normal,298,1031,1031,256,133,898,0.018033693153258874,0.02928164843550642,0.01886678249497981,0.01977056033712788,0.025134207307435635,0.027585493092675793,0.09751037066514959,0.09700472388428773,0.09785906121350793,0.3151386525408369,0.3180151438756761,0.31627513748420844,0.806303062779443,0.806277944303967,-2.511847547592705e-05,False,True
NORM,temperature,M6,S4D,D5,MIMIC-IV-ECG,SR,D4,CPSC2018,Normal,298,1031,1031,256,133,898,0.018033693153258874,0.02444738322599614,0.03431764386804469,0.01977056033712788,0.018428982756854943,0.031012972113480006,0.09751037066514959,0.0976965096409334,0.09809232455633528,0.3151386525408369,0.31550272730861656,0.31982332824790594,0.806303062779443,0.806303062779443,0.0,False,True
RBBB,platt,M1,MERL,D3,CODE-15%,RBBB,D4,CPSC2018,RBBB,1200,1031,1031,38,284,747,0.01766057881652629,0.020960462650764504,0.027066784452227755,0.01914727360426848,0.03564151471328658,0.03437467954633544,0.03961937971377894,0.041302033760426037,0.04185235238520159,0.14942336637265272,0.15826704219706592,0.16236530186174783,0.9809849727548692,0.9809849727548692,0.0,False,True
RBBB,isotonic,M1,MERL,D3,CODE-15%,RBBB,D4,CPSC2018,RBBB,1200,1031,1031,38,284,747,0.01766057881652629,0.025266847388546107,0.022589237634777104,0.01914727360426848,0.015967363287764946,0.025325468561148312,0.03961937971377894,0.04047422408755863,0.041441740247475704,0.14942336637265272,0.2012765723381857,0.2066014120538767,0.9809849727548692,0.9775958293266964,-0.0033891434281727584,False,True
RBBB,temperature,M1,MERL,D3,CODE-15%,RBBB,D4,CPSC2018,RBBB,1200,1031,1031,38,284,747,0.01766057881652629,0.012330651456302416,0.012823821112558908,0.01914727360426848,0.01486683474133259,0.014775121388311073,0.03961937971377894,0.039341562320262105,0.03933299407838249,0.14942336637265272,0.1445231389831399,0.14457071667596427,0.9809849727548692,0.9809849727548692,0.0,True,False
RBBB,platt,M2,ST-MEM,D3,CODE-15%,RBBB,D4,CPSC2018,RBBB,1200,1031,1031,38,284,747,0.03347865136816521,0.024284077650407687,0.05056955422190943,0.022709627068066236,0.037265073864788424,0.05372528580505303,0.042070562207315795,0.04352462139355102,0.04774383984350953,0.16451008654220137,0.1707326633468131,0.1953253249594252,0.9825122084582462,0.9825122084582462,0.0,False,True
RBBB,isotonic,M2,ST-MEM,D3,CODE-15%,RBBB,D4,CPSC2018,RBBB,1200,1031,1031,38,284,747,0.03347865136816521,0.026616600468846164,0.032719441948075335,0.022709627068066236,0.023279225592057657,0.040995641453330824,0.042070562207315795,0.042607829432729824,0.045185229037531284,0.16451008654220137,0.16216554378815706,0.16974258691774918,0.9825122084582462,0.977871580217584,-0.004640628240662137,True,False
RBBB,temperature,M2,ST-MEM,D3,CODE-15%,RBBB,D4,CPSC2018,RBBB,1200,1031,1031,38,284,747,0.03347865136816521,0.020933883848146432,0.03788143873852747,0.022709627068066236,0.025443138000081005,0.035585908581611016,0.042070562207315795,0.04217800402239212,0.04360080488232915,0.16451008654220137,0.14609763569984704,0.1544627263760907,0.9825122084582462,0.982512208458246,-1.1102230246251565e-16,False,True
RBBB,platt,M3,HuBERT-ECG,D3,CODE-15%,RBBB,D4,CPSC2018,RBBB,1200,1031,1031,38,284,747,0.04193446819503953,0.0247325407002046,0.036595631846766015,0.04184994806848683,0.048914481354030315,0.04855121755060696,0.0692602355252437,0.07024984645892768,0.07212669360304508,0.2748306125864156,0.24747245608878718,0.25931418558013364,0.9569498651884533,0.9569498651884533,0.0,False,False
RBBB,isotonic,M3,HuBERT-ECG,D3,CODE-15%,RBBB,D4,CPSC2018,RBBB,1200,1031,1031,38,284,747,0.04193446819503953,0.020187206897438,0.02281773395730841,0.04184994806848683,0.02184148315678709,0.02151787107018078,0.0692602355252437,0.06763710622644846,0.067351932820405,0.2748306125864156,0.24399291011323376,0.3360886745864461,0.9569498651884533,0.9548499160963101,-0.002099949092143172,True,False
RBBB,temperature,M3,HuBERT-ECG,D3,CODE-15%,RBBB,D4,CPSC2018,RBBB,1200,1031,1031,38,284,747,0.04193446819503953,0.028222174209240777,0.03040271540852323,0.04184994806848683,0.027309257874546234,0.029095294835919355,0.0692602355252437,0.06695197960783336,0.06711388023256473,0.2748306125864156,0.23427438345708773,0.2339633248568036,0.9569498651884533,0.9569498651884533,0.0,True,False
RBBB,platt,M5,ECG-FM,D3,CODE-15%,RBBB,D4,CPSC2018,RBBB,1200,1031,1031,38,284,747,0.02308556422006429,0.03544444224047635,0.03840804100166866,0.013862728202107115,0.03439336309214918,0.047697633103850556,0.04973387457011859,0.05100523641823739,0.05412792428611432,0.1829088521694372,0.18947012635362714,0.20085606022263816,0.9740935573279031,0.9740935573279031,0.0,False,True
RBBB,isotonic,M5,ECG-FM,D3,CODE-15%,RBBB,D4,CPSC2018,RBBB,1200,1031,1031,38,284,747,0.02308556422006429,0.014498576391824855,0.03151383343634185,0.013862728202107115,0.014366678112149285,0.029357536633625336,0.04973387457011859,0.05074250871716681,0.056874264065568884,0.1829088521694372,0.1810844198138827,0.2905839701639598,0.9740935573279031,0.9672681335671324,-0.006825423760770777,False,True
RBBB,temperature,M5,ECG-FM,D3,CODE-15%,RBBB,D4,CPSC2018,RBBB,1200,1031,1031,38,284,747,0.02308556422006429,0.028606591720878465,0.027243321478348303,0.013862728202107115,0.022668206476886842,0.02320767317561611,0.04973387457011859,0.05016816606452832,0.05021544808232621,0.1829088521694372,0.18142403996257508,0.18165760520916288,0.9740935573279031,0.9740935573279031,0.0,False,True
RBBB,platt,M6,S4D,D3,CODE-15%,RBBB,D4,CPSC2018,RBBB,1200,1031,1031,38,284,747,0.05137965638115764,0.01786588492070066,0.034856209878147304,0.05485218775826229,0.030708565842183323,0.03713465727100197,0.08021310442817337,0.07675480858620973,0.0768903984923871,0.30822627938239383,0.2760221189319609,0.2807228231608642,0.9199002583102363,0.9199002583102363,0.0,False,False
RBBB,isotonic,M6,S4D,D3,CODE-15%,RBBB,D4,CPSC2018,RBBB,1200,1031,1031,38,284,747,0.05137965638115764,0.020051589069242034,0.14400464266770047,0.05485218775826229,0.02921830844697337,0.13475605573064683,0.08021310442817337,0.07935041337242706,0.11677352000462973,0.30822627938239383,0.2869765703100846,0.40089805659677785,0.9199002583102363,0.9104540226634236,-0.009446235646812684,False,True
RBBB,temperature,M6,S4D,D3,CODE-15%,RBBB,D4,CPSC2018,RBBB,1200,1031,1031,38,284,747,0.05137965638115764,0.047278883700434364,0.06390494276709863,0.05485218775826229,0.05188560898014215,0.06382174504378411,0.08021310442817337,0.07970273637879209,0.08216274783314013,0.30822627938239383,0.3081560740068959,0.31065584366900056,0.9199002583102363,0.9199002583102363,0.0,False,True
RBBB,platt,M1,MERL,D3,CODE-15%,RBBB,D5,MIMIC-IV-ECG,RBBB,1200,298,301,38,28,273,0.04136568951501169,0.01956377514232384,0.029691461773580622,0.027335667425784867,0.04290330085299694,0.03911379545080578,0.034471973974903695,0.03627564091385363,0.03733512694347954,0.1531040154950093,0.1441609413844581,0.15147370131421153,0.977367870225013,0.977367870225013,0.0,False,False
RBBB,isotonic,M1,MERL,D3,CODE-15%,RBBB,D5,MIMIC-IV-ECG,RBBB,1200,298,301,38,28,273,0.04136568951501169,0.010467896826352104,0.02812026815574176,0.027335667425784867,0.010852579463176727,0.029349201737982316,0.034471973974903695,0.029328205462796464,0.036232926841314954,0.1531040154950093,0.22350079486613375,0.20969664849824537,0.977367870225013,0.977629513343799,0.00026164311878595914,False,False
RBBB,temperature,M1,MERL,D3,CODE-15%,RBBB,D5,MIMIC-IV-ECG,RBBB,1200,298,301,38,28,273,0.04136568951501169,0.03543502521327709,0.036342938944131375,0.027335667425784867,0.020721421210164445,0.02409838014033816,0.034471973974903695,0.032263888511357565,0.033523888665408015,0.1531040154950093,0.1185968923554367,0.1344199753559782,0.977367870225013,0.977367870225013,0.0,True,False
RBBB,platt,M2,ST-MEM,D3,CODE-15%,RBBB,D5,MIMIC-IV-ECG,RBBB,1200,298,301,38,28,273,0.030517268349462993,0.014002537219851072,0.026803883960476945,0.018504934729865703,0.0332578504599521,0.028929777577895315,0.027331543532546725,0.027665718587336,0.027946890154401046,0.16312126759094264,0.12036744807768325,0.1258701313124508,0.9453165881737311,0.9453165881737311,0.0,False,False
RBBB,isotonic,M2,ST-MEM,D3,CODE-15%,RBBB,D5,MIMIC-IV-ECG,RBBB,1200,298,301,38,28,273,0.030517268349462993,0.030872911185499848,0.018234124978324426,0.018504934729865703,0.037565791548210076,0.021691851084879577,0.027331543532546725,0.029141471868739253,0.03138189450789795,0.16312126759094264,0.19117749252491248,0.1950422779599066,0.9453165881737311,0.9392987964416536,-0.006017791732077504,True,False
RBBB,temperature,M2,ST-MEM,D3,CODE-15%,RBBB,D5,MIMIC-IV-ECG,RBBB,1200,298,301,38,28,273,0.030517268349462993,0.021133154015875368,0.02659175480173735,0.018504934729865703,0.028795996537875963,0.03037276144741799,0.027331543532546725,0.028264636450825668,0.02842407181855845,0.16312126759094264,0.11865437421882083,0.11893869402257234,0.9453165881737311,0.9453165881737311,0.0,False,False
RBBB,platt,M3,HuBERT-ECG,D3,CODE-15%,RBBB,D5,MIMIC-IV-ECG,RBBB,1200,298,301,38,28,273,0.056087068562852005,0.03079891443841758,0.050300183814786216,0.046914926615362174,0.07075210489996475,0.05767510006596049,0.05956235556543713,0.0601502479139729,0.062084248830478195,0.23353345972965447,0.2252529099826974,0.23889758327938365,0.9213762428048142,0.9213762428048142,0.0,False,False
RBBB,isotonic,M3,HuBERT-ECG,D3,CODE-15%,RBBB,D5,MIMIC-IV-ECG,RBBB,1200,298,301,38,28,273,0.056087068562852005,0.02753185737688697,0.04893394724015464,0.046914926615362174,0.026201030364091923,0.036264657102797374,0.05956235556543713,0.05200647788716271,0.05459087983381693,0.23353345972965447,0.20074041128974843,0.21643374080739375,0.9213762428048142,0.9133307169021455,-0.008045525902668715,False,False
RBBB,temperature,M3,HuBERT-ECG,D3,CODE-15%,RBBB,D5,MIMIC-IV-ECG,RBBB,1200,298,301,38,28,273,0.056087068562852005,0.05940317935704776,0.048831983254168494,0.046914926615362174,0.043777979947050356,0.03381618294457799,0.05956235556543713,0.051552057110175444,0.052954613694005,0.23353345972965447,0.1757688710503112,0.1770968992532654,0.9213762428048142,0.9213762428048142,0.0,True,False
RBBB,platt,M5,ECG-FM,D3,CODE-15%,RBBB,D5,MIMIC-IV-ECG,RBBB,1200,298,301,38,28,273,0.030885911261142235,0.027865858767335685,0.014945500665783986,0.020088443870779286,0.04380054858143686,0.028494875197215448,0.0347904205784285,0.03672399562257846,0.034867701866618216,0.17512395681331638,0.14451567849798616,0.13827284079267368,0.9655939298796441,0.9655939298796441,0.0,True,False
RBBB,isotonic,M5,ECG-FM,D3,CODE-15%,RBBB,D5,MIMIC-IV-ECG,RBBB,1200,298,301,38,28,273,0.030885911261142235,0.01925351090957449,0.023424476492542454,0.020088443870779286,0.022550666861699886,0.02603149877802798,0.0347904205784285,0.041841886465204196,0.03814249654476282,0.17512395681331638,0.1929724281821943,0.22462472271252815,0.9655939298796441,0.952315541601256,-0.01327838827838812,True,False
RBBB,temperature,M5,ECG-FM,D3,CODE-15%,RBBB,D5,MIMIC-IV-ECG,RBBB,1200,298,301,38,28,273,0.030885911261142235,0.041498758720109816,0.02193633909852559,0.020088443870779286,0.028968991339092934,0.017662112749903543,0.0347904205784285,0.03638102567168066,0.034542697432734415,0.17512395681331638,0.15120163637117048,0.15323023636032174,0.9655939298796441,0.9655939298796442,1.1102230246251565e-16,True,False
RBBB,platt,M6,S4D,D3,CODE-15%,RBBB,D5,MIMIC-IV-ECG,RBBB,1200,298,301,38,28,273,0.05307020789547333,0.046178557422672545,0.04577321316988964,0.035344371476707284,0.053962685181421235,0.055232885009052164,0.04754766606245623,0.055607602043710375,0.0553697441451076,0.15169571979020535,0.18642764496785333,0.18736398481374122,0.9663788592360021,0.9663788592360021,0.0,True,False
RBBB,isotonic,M6,S4D,D3,CODE-15%,RBBB,D5,MIMIC-IV-ECG,RBBB,1200,298,301,38,28,273,0.05307020789547333,0.028155373315107004,0.024143148906240704,0.035344371476707284,0.030808254419284836,0.02915046035445454,0.04754766606245623,0.04992725034057023,0.0447684009973521,0.15169571979020535,0.1534118494106012,0.13845851818091537,0.9663788592360021,0.9638932496075353,-0.0024856096284667784,True,False
RBBB,temperature,M6,S4D,D3,CODE-15%,RBBB,D5,MIMIC-IV-ECG,RBBB,1200,298,301,38,28,273,0.05307020789547333,0.04999273766900263,0.051262709586213706,0.035344371476707284,0.03429620357558047,0.03778963017216904,0.04754766606245623,0.04846825557460188,0.046945657496749005,0.15169571979020535,0.15167502340502917,0.15439002872356022,0.9663788592360021,0.9663788592360021,0.0,True,False
RBBB,platt,M1,MERL,D4,CPSC2018,RBBB,D3,CODE-15%,RBBB,1031,1200,1197,277,41,1156,0.014254431296323054,0.010651005273834405,0.014956764426318858,0.007521233881089831,0.014459852311072737,0.01925277104170904,0.020968494336555333,0.021428176177668633,0.021251774442246272,0.09451497523096196,0.09593969683955028,0.09660770316987001,0.9158156806481559,0.9158051312347033,-1.0549413452576317e-05,False,True
RBBB,isotonic,M1,MERL,D4,CPSC2018,RBBB,D3,CODE-15%,RBBB,1031,1200,1197,277,41,1156,0.014254431296323054,0.011358129096702026,0.014076258230086167,0.007521233881089831,0.007841661483151855,0.008356912576453435,0.020968494336555333,0.021517305803021757,0.020984535663476408,0.09451497523096196,0.12001852109926911,0.13689158106637483,0.9158156806481559,0.8976284918558528,-0.018187188792303077,True,False
RBBB,temperature,M1,MERL,D4,CPSC2018,RBBB,D3,CODE-15%,RBBB,1031,1200,1197,277,41,1156,0.014254431296323054,0.0093341384066024,0.008767220196557074,0.007521233881089831,0.007287809226351379,0.007716136429870904,0.020968494336555333,0.02094338512769327,0.020953923381989124,0.09451497523096196,0.08846822711636286,0.08822499918203905,0.9158156806481559,0.9158156806481559,0.0,True,False
RBBB,platt,M2,ST-MEM,D4,CPSC2018,RBBB,D3,CODE-15%,RBBB,1031,1200,1197,277,41,1156,0.013780055115334098,0.005114921395237004,0.016373530466083336,0.005084861881554171,0.013976286680960522,0.021532272227054623,0.013673255459612954,0.014167751560730739,0.014026976652595951,0.07978620530352977,0.06672717291407267,0.07063677166854898,0.9734471263397755,0.9734471263397755,0.0,False,True
RBBB,isotonic,M2,ST-MEM,D4,CPSC2018,RBBB,D3,CODE-15%,RBBB,1031,1200,1197,277,41,1156,0.013780055115334098,0.004893083671654115,0.009549839868354146,0.005084861881554171,0.008519759322345376,0.006625411680768068,0.013673255459612954,0.01314676020750192,0.013234302344319243,0.07978620530352977,0.07705166932610501,0.09977261237653615,0.9734471263397755,0.9528124736264663,-0.02063465271330922,False,False
RBBB,temperature,M2,ST-MEM,D4,CPSC2018,RBBB,D3,CODE-15%,RBBB,1031,1200,1197,277,41,1156,0.013780055115334098,0.006805572218556858,0.008174290763532942,0.005084861881554171,0.0045093701569755874,0.002963968161023216,0.013673255459612954,0.012583289884141749,0.012776640266783205,0.07978620530352977,0.0500516058007294,0.05263839493063785,0.9734471263397755,0.9691746138914676,-0.004272512448307841,True,False
RBBB,platt,M3,HuBERT-ECG,D4,CPSC2018,RBBB,D3,CODE-15%,RBBB,1031,1200,1197,277,41,1156,0.017326703779791956,0.005906791868686885,0.023447047515677714,0.012086911799708548,0.021157019878557504,0.02953541683067094,0.020595868986900027,0.021177171468327333,0.021138265316027808,0.12096575312220467,0.09698819075621501,0.10160447393755984,0.9133049202464343,0.9133049202464343,0.0,False,True
RBBB,isotonic,M3,HuBERT-ECG,D4,CPSC2018,RBBB,D3,CODE-15%,RBBB,1031,1200,1197,277,41,1156,0.017326703779791956,0.013632884174598741,0.014159494825635902,0.012086911799708548,0.01170087756708156,0.009335252555205793,0.020595868986900027,0.020789726718492916,0.02052303729538332,0.12096575312220467,0.11438817574084795,0.1031354765525784,0.9133049202464343,0.9177145750696261,0.004409654823191778,True,False
RBBB,temperature,M3,HuBERT-ECG,D4,CPSC2018,RBBB,D3,CODE-15%,RBBB,1031,1200,1197,277,41,1156,0.017326703779791956,0.010552209519683933,0.011592032939594772,0.012086911799708548,0.00847087137151547,0.009026141162488021,0.020595868986900027,0.02035711311181168,0.02031174425867075,0.12096575312220467,0.08785017544508632,0.08948019303768937,0.9133049202464343,0.9122183306608154,-0.0010865895856189134,True,False
RBBB,platt,M5,ECG-FM,D4,CPSC2018,RBBB,D3,CODE-15%,RBBB,1031,1200,1197,277,41,1156,0.029879155386882864,0.01728804810360251,0.03658986820964683,0.022721452259077103,0.015538591628198081,0.03252431986636239,0.03331074535733797,0.03224136219328038,0.03364933109588462,0.16102019267839812,0.13005655781194375,0.1411678434887058,0.7711410245590345,0.7711410245590345,0.0,False,True
RBBB,isotonic,M5,ECG-FM,D4,CPSC2018,RBBB,D3,CODE-15%,RBBB,1031,1200,1197,277,41,1156,0.029879155386882864,0.020454623290261875,0.018906723165870422,0.022721452259077103,0.02247886495399553,0.02284814782009028,0.03331074535733797,0.032671315198280926,0.033221996891248225,0.16102019267839812,0.18441145853568783,0.14162712544889675,0.7711410245590345,0.7720693729428644,0.0009283483838298245,True,False
RBBB,temperature,M5,ECG-FM,D4,CPSC2018,RBBB,D3,CODE-15%,RBBB,1031,1200,1197,277,41,1156,0.029879155386882864,0.0236393146890309,0.02165767194342778,0.022721452259077103,0.03143249890757896,0.030998563991130396,0.03331074535733797,0.0331017946437834,0.033090309367347,0.16102019267839812,0.14590614083904815,0.14606786976883906,0.7711410245590345,0.7711410245590347,1.1102230246251565e-16,True,False
RBBB,platt,M6,S4D,D4,CPSC2018,RBBB,D3,CODE-15%,RBBB,1031,1200,1197,277,41,1156,0.011969302427852893,0.020919753649543415,0.04137649661257577,0.012869567387409462,0.02302849065344146,0.03590354594480781,0.026916162485663586,0.030007560081950907,0.02941575233573782,0.11068725202798715,0.11719542241979779,0.12300418326367078,0.8730589079247193,0.8730589079247193,0.0,False,True
RBBB,isotonic,M6,S4D,D4,CPSC2018,RBBB,D3,CODE-15%,RBBB,1031,1200,1197,277,41,1156,0.011969302427852893,0.007570426339926916,0.01464302003701584,0.012869567387409462,0.015194983114533262,0.014586167331306205,0.026916162485663586,0.02500838334567706,0.028020902023128742,0.11068725202798715,0.10418113386705584,0.10470188577073833,0.8730589079247193,0.8983036543168199,0.025244746392100614,False,True
RBBB,temperature,M6,S4D,D4,CPSC2018,RBBB,D3,CODE-15%,RBBB,1031,1200,1197,277,41,1156,0.011969302427852893,0.017840371969120316,0.012326549848786552,0.012869567387409462,0.014007875423447228,0.01274892281682561,0.026916162485663586,0.026613771007857254,0.02705028313942304,0.11068725202798715,0.10895156758953678,0.11175274690410911,0.8730589079247193,0.8730589079247193,0.0,False,True
RBBB,platt,M1,MERL,D4,CPSC2018,RBBB,D5,MIMIC-IV-ECG,RBBB,1031,298,301,277,28,273,0.04136568951501169,0.01956377514232384,0.02139012743097356,0.027335667425784867,0.04290330085299694,0.043514894666372386,0.034471973974903695,0.03627564091385363,0.036378201522491084,0.1531040154950093,0.1441609413844581,0.14506215003689327,0.977367870225013,0.977367870225013,0.0,True,False
RBBB,isotonic,M1,MERL,D4,CPSC2018,RBBB,D5,MIMIC-IV-ECG,RBBB,1031,298,301,277,28,273,0.04136568951501169,0.010467896826352104,0.035740801132612375,0.027335667425784867,0.010852579463176727,0.017292594976765014,0.034471973974903695,0.029328205462796464,0.03384596883921477,0.1531040154950093,0.22350079486613375,0.15493310877958077,0.977367870225013,0.9676216640502355,-0.009746206174777505,False,False
RBBB,temperature,M1,MERL,D4,CPSC2018,RBBB,D5,MIMIC-IV-ECG,RBBB,1031,298,301,277,28,273,0.04136568951501169,0.03543502521327709,0.036049744661587016,0.027335667425784867,0.020721421210164445,0.02381482807787607,0.034471973974903695,0.032263888511357565,0.03344865388910804,0.1531040154950093,0.1185968923554367,0.13319495023529374,0.977367870225013,0.977367870225013,0.0,True,False
RBBB,platt,M2,ST-MEM,D4,CPSC2018,RBBB,D5,MIMIC-IV-ECG,RBBB,1031,298,301,277,28,273,0.030517268349462993,0.014002537219851072,0.015630657034464104,0.018504934729865703,0.0332578504599521,0.027581236565435555,0.027331543532546725,0.027665718587336,0.027205624624748865,0.16312126759094264,0.12036744807768325,0.1177084263340101,0.9453165881737311,0.9453165881737311,0.0,True,False
RBBB,isotonic,M2,ST-MEM,D4,CPSC2018,RBBB,D5,MIMIC-IV-ECG,RBBB,1031,298,301,277,28,273,0.030517268349462993,0.030872911185499848,0.02324131866524292,0.018504934729865703,0.037565791548210076,0.01812665592390931,0.027331543532546725,0.029141471868739253,0.027494436791289063,0.16312126759094264,0.19117749252491248,0.14470187250472266,0.9453165881737311,0.9550627943485087,0.009746206174777616,True,False
RBBB,temperature,M2,ST-MEM,D4,CPSC2018,RBBB,D5,MIMIC-IV-ECG,RBBB,1031,298,301,277,28,273,0.030517268349462993,0.021133154015875368,0.02787166274975212,0.018504934729865703,0.028795996537875963,0.02414820667360486,0.027331543532546725,0.028264636450825668,0.027538160179262555,0.16312126759094264,0.11865437421882083,0.12033141105153496,0.9453165881737311,0.9453165881737311,0.0,False,False
RBBB,platt,M3,HuBERT-ECG,D4,CPSC2018,RBBB,D5,MIMIC-IV-ECG,RBBB,1031,298,301,277,28,273,0.056087068562852005,0.03079891443841758,0.0292895301220545,0.046914926615362174,0.07075210489996475,0.06606926924859494,0.05956235556543713,0.0601502479139729,0.0608388424723031,0.23353345972965447,0.2252529099826974,0.22254421388583076,0.9213762428048142,0.9213762428048142,0.0,True,False
RBBB,isotonic,M3,HuBERT-ECG,D4,CPSC2018,RBBB,D5,MIMIC-IV-ECG,RBBB,1031,298,301,277,28,273,0.056087068562852005,0.02753185737688697,0.05546343217173286,0.046914926615362174,0.026201030364091923,0.03681071953491066,0.05956235556543713,0.05200647788716271,0.05705293216461837,0.23353345972965447,0.20074041128974843,0.22208473954306412,0.9213762428048142,0.9254971219256933,0.004120879120879106,False,False
RBBB,temperature,M3,HuBERT-ECG,D4,CPSC2018,RBBB,D5,MIMIC-IV-ECG,RBBB,1031,298,301,277,28,273,0.056087068562852005,0.05940317935704776,0.04824414829193899,0.046914926615362174,0.043777979947050356,0.033642821354581416,0.05956235556543713,0.051552057110175444,0.05356455597084423,0.23353345972965447,0.1757688710503112,0.17996505290857176,0.9213762428048142,0.9213762428048142,0.0,True,False
RBBB,platt,M4,ECGFM-KED,D4,CPSC2018,RBBB,D5,MIMIC-IV-ECG,RBBB,1031,298,301,277,28,273,0.046329133285669954,0.05890612596353334,0.05355280783815729,0.030458549452205663,0.056614336370470156,0.04707769410499309,0.050475463306831884,0.055730173557714556,0.050615008731115865,0.2275125457268719,0.1980993164654964,0.19543169176140868,0.9008372579801152,0.9008372579801152,0.0,False,True
RBBB,isotonic,M4,ECGFM-KED,D4,CPSC2018,RBBB,D5,MIMIC-IV-ECG,RBBB,1031,298,301,277,28,273,0.046329133285669954,0.04281811855355938,0.03790578466287768,0.030458549452205663,0.04287457226844394,0.03355852913922034,0.050475463306831884,0.04902303714439634,0.05113467095486341,0.2275125457268719,0.2124906266156529,0.191555128495188,0.9008372579801152,0.9160125588697018,0.01517530088958663,True,False
RBBB,temperature,M4,ECGFM-KED,D4,CPSC2018,RBBB,D5,MIMIC-IV-ECG,RBBB,1031,298,301,277,28,273,0.046329133285669954,0.05951928591954396,0.04246998988329916,0.030458549452205663,0.04091755390998629,0.03257130873635968,0.050475463306831884,0.05176715124822291,0.050496631165455406,0.2275125457268719,0.20929128825341717,0.21511239578660782,0.9008372579801152,0.9008372579801152,0.0,True,False
RBBB,platt,M5,ECG-FM,D4,CPSC2018,RBBB,D5,MIMIC-IV-ECG,RBBB,1031,298,301,277,28,273,0.030885911261142235,0.027865858767335685,0.033580681293260986,0.020088443870779286,0.04380054858143686,0.03511501075637919,0.0347904205784285,0.03672399562257846,0.035085542979742985,0.17512395681331638,0.14451567849798616,0.14499987535838885,0.9655939298796441,0.9655939298796441,0.0,False,True
RBBB,isotonic,M5,ECG-FM,D4,CPSC2018,RBBB,D5,MIMIC-IV-ECG,RBBB,1031,298,301,277,28,273,0.030885911261142235,0.01925351090957449,0.01795673072211738,0.020088443870779286,0.022550666861699886,0.023327025170459394,0.0347904205784285,0.041841886465204196,0.03353318325581148,0.17512395681331638,0.1929724281821943,0.1683335712995929,0.9655939298796441,0.9648744113029828,-0.0007195185766613044,True,False
RBBB,temperature,M5,ECG-FM,D4,CPSC2018,RBBB,D5,MIMIC-IV-ECG,RBBB,1031,298,301,277,28,273,0.030885911261142235,0.041498758720109816,0.020879494808020867,0.020088443870779286,0.028968991339092934,0.01774433944371138,0.0347904205784285,0.03638102567168066,0.03453846538494327,0.17512395681331638,0.15120163637117048,0.15363862430146294,0.9655939298796441,0.9655939298796442,1.1102230246251565e-16,True,False
RBBB,platt,M6,S4D,D4,CPSC2018,RBBB,D5,MIMIC-IV-ECG,RBBB,1031,298,301,277,28,273,0.05307020789547333,0.046178557422672545,0.07091700696059965,0.035344371476707284,0.053962685181421235,0.06299879520292735,0.04754766606245623,0.055607602043710375,0.05286749514081743,0.15169571979020535,0.18642764496785333,0.1855479263064151,0.9663788592360021,0.9663788592360021,0.0,False,True
RBBB,isotonic,M6,S4D,D4,CPSC2018,RBBB,D5,MIMIC-IV-ECG,RBBB,1031,298,301,277,28,273,0.05307020789547333,0.028155373315107004,0.04467892768248789,0.035344371476707284,0.030808254419284836,0.042957969004835166,0.04754766606245623,0.04992725034057023,0.05016156107462329,0.15169571979020535,0.1534118494106012,0.16536446103660019,0.9663788592360021,0.9635007849293564,-0.0028780743066456616,False,False
RBBB,temperature,M6,S4D,D4,CPSC2018,RBBB,D5,MIMIC-IV-ECG,RBBB,1031,298,301,277,28,273,0.05307020789547333,0.04999273766900263,0.045810435987787564,0.035344371476707284,0.03429620357558047,0.0348562136612763,0.04754766606245623,0.04846825557460188,0.047829483479108925,0.15169571979020535,0.15167502340502917,0.15141186432970205,0.9663788592360021,0.9663788592360021,0.0,True,False
RBBB,platt,M1,MERL,D5,MIMIC-IV-ECG,RBBB,D3,CODE-15%,RBBB,298,1200,1197,24,41,1156,0.014254431296323054,0.010651005273834405,0.015303884456830787,0.007521233881089831,0.014459852311072737,0.020432695218643614,0.020968494336555333,0.021428176177668633,0.02129125063837915,0.09451497523096196,0.09593969683955028,0.09655543807393199,0.9158156806481559,0.9158051312347033,-1.0549413452576317e-05,False,True
RBBB,isotonic,M1,MERL,D5,MIMIC-IV-ECG,RBBB,D3,CODE-15%,RBBB,298,1200,1197,24,41,1156,0.014254431296323054,0.011358129096702026,0.022819198544678242,0.007521233881089831,0.007841661483151855,0.03084978264558508,0.020968494336555333,0.021517305803021757,0.026699972963141205,0.09451497523096196,0.12001852109926911,0.15737050780116893,0.9158156806481559,0.8891995105072157,-0.0266161701409402,False,True
RBBB,temperature,M1,MERL,D5,MIMIC-IV-ECG,RBBB,D3,CODE-15%,RBBB,298,1200,1197,24,41,1156,0.014254431296323054,0.0093341384066024,0.021681349263079106,0.007521233881089831,0.007287809226351379,0.018618967233212904,0.020968494336555333,0.02094338512769327,0.021785659311934113,0.09451497523096196,0.08846822711636286,0.0913590234997457,0.9158156806481559,0.9158156806481559,0.0,False,True
RBBB,platt,M2,ST-MEM,D5,MIMIC-IV-ECG,RBBB,D3,CODE-15%,RBBB,298,1200,1197,24,41,1156,0.013780055115334098,0.005114921395237004,0.01117355454115867,0.005084861881554171,0.013976286680960522,0.02163453700681526,0.013673255459612954,0.014167751560730739,0.014045207505564417,0.07978620530352977,0.06672717291407267,0.06908457230298044,0.9734471263397755,0.9734471263397755,0.0,False,False
RBBB,isotonic,M2,ST-MEM,D5,MIMIC-IV-ECG,RBBB,D3,CODE-15%,RBBB,298,1200,1197,24,41,1156,0.013780055115334098,0.004893083671654115,0.007340032102900194,0.005084861881554171,0.008519759322345376,0.005644700215840322,0.013673255459612954,0.01314676020750192,0.012760695568799718,0.07978620530352977,0.07705166932610501,0.07582695945940794,0.9734471263397755,0.9539201620389905,-0.019526964300784933,False,False
RBBB,temperature,M2,ST-MEM,D5,MIMIC-IV-ECG,RBBB,D3,CODE-15%,RBBB,298,1200,1197,24,41,1156,0.013780055115334098,0.006805572218556858,0.007410237773251562,0.005084861881554171,0.0045093701569755874,0.00413568490895592,0.013673255459612954,0.012583289884141749,0.012596786563990058,0.07978620530352977,0.0500516058007294,0.05013423359706364,0.9734471263397755,0.9691746138914676,-0.004272512448307841,True,False
RBBB,platt,M3,HuBERT-ECG,D5,MIMIC-IV-ECG,RBBB,D3,CODE-15%,RBBB,298,1200,1197,24,41,1156,0.017326703779791956,0.005906791868686885,0.03127232514138078,0.012086911799708548,0.021157019878557504,0.03909042136964389,0.020595868986900027,0.021177171468327333,0.022916593966524675,0.12096575312220467,0.09698819075621501,0.10905932994642904,0.9133049202464343,0.9133049202464343,0.0,False,True
RBBB,isotonic,M3,HuBERT-ECG,D5,MIMIC-IV-ECG,RBBB,D3,CODE-15%,RBBB,298,1200,1197,24,41,1156,0.017326703779791956,0.013632884174598741,0.01491653725032714,0.012086911799708548,0.01170087756708156,0.009509107362915839,0.020595868986900027,0.020789726718492916,0.023370101457718815,0.12096575312220467,0.11438817574084795,0.1108044174710866,0.9133049202464343,0.8881656679888597,-0.02513925225757463,True,False
RBBB,temperature,M3,HuBERT-ECG,D5,MIMIC-IV-ECG,RBBB,D3,CODE-15%,RBBB,298,1200,1197,24,41,1156,0.017326703779791956,0.010552209519683933,0.01654263145335688,0.012086911799708548,0.00847087137151547,0.01599719165390866,0.020595868986900027,0.02035711311181168,0.02107292748954951,0.12096575312220467,0.08785017544508632,0.08840238342323004,0.9133049202464343,0.9122183306608154,-0.0010865895856189134,False,False
RBBB,platt,M5,ECG-FM,D5,MIMIC-IV-ECG,RBBB,D3,CODE-15%,RBBB,298,1200,1197,24,41,1156,0.029879155386882864,0.01728804810360251,0.018956940043820213,0.022721452259077103,0.015538591628198081,0.02040164150381814,0.03331074535733797,0.03224136219328038,0.030848346401029736,0.16102019267839812,0.13005655781194375,0.1273778613977125,0.7711410245590345,0.7711410245590345,0.0,True,False
RBBB,isotonic,M5,ECG-FM,D5,MIMIC-IV-ECG,RBBB,D3,CODE-15%,RBBB,298,1200,1197,24,41,1156,0.029879155386882864,0.020454623290261875,0.016352630366615273,0.022721452259077103,0.02247886495399553,0.025125719425988968,0.03331074535733797,0.032671315198280926,0.03275885343404273,0.16102019267839812,0.18441145853568783,0.13224697986188141,0.7711410245590345,0.7346717022533545,-0.03646932230568001,True,False
RBBB,temperature,M5,ECG-FM,D5,MIMIC-IV-ECG,RBBB,D3,CODE-15%,RBBB,298,1200,1197,24,41,1156,0.029879155386882864,0.0236393146890309,0.06232509711328693,0.022721452259077103,0.03143249890757896,0.06566217229154735,0.03331074535733797,0.0331017946437834,0.036350299163151745,0.16102019267839812,0.14590614083904815,0.1599915361514372,0.7711410245590345,0.7711410245590347,1.1102230246251565e-16,False,True
RBBB,platt,M6,S4D,D5,MIMIC-IV-ECG,RBBB,D3,CODE-15%,RBBB,298,1200,1197,24,41,1156,0.011969302427852893,0.020919753649543415,0.023101446606949575,0.012869567387409462,0.02302849065344146,0.025233614338615866,0.026916162485663586,0.030007560081950907,0.03011373856847829,0.11068725202798715,0.11719542241979779,0.11731353927629487,0.8730589079247193,0.8730589079247193,0.0,False,True
RBBB,isotonic,M6,S4D,D5,MIMIC-IV-ECG,RBBB,D3,CODE-15%,RBBB,298,1200,1197,24,41,1156,0.011969302427852893,0.007570426339926916,0.01883389234492398,0.012869567387409462,0.015194983114533262,0.01123914790807428,0.026916162485663586,0.02500838334567706,0.0274212008249779,0.11068725202798715,0.10418113386705584,0.14264967194765196,0.8730589079247193,0.8994324415562495,0.026373533631530166,False,True
RBBB,temperature,M6,S4D,D5,MIMIC-IV-ECG,RBBB,D3,CODE-15%,RBBB,298,1200,1197,24,41,1156,0.011969302427852893,0.017840371969120316,0.01577685685028751,0.012869567387409462,0.014007875423447228,0.01322188250614836,0.026916162485663586,0.026613771007857254,0.027345068695803325,0.11068725202798715,0.10895156758953678,0.1144594934321624,0.8730589079247193,0.8730589079247193,0.0,False,True
RBBB,platt,M1,MERL,D5,MIMIC-IV-ECG,RBBB,D4,CPSC2018,RBBB,298,1031,1031,24,284,747,0.01766057881652629,0.020960462650764504,0.024606974264399624,0.01914727360426848,0.03564151471328658,0.03694060054153004,0.03961937971377894,0.041302033760426037,0.04123371793515491,0.14942336637265272,0.15826704219706592,0.16000259716553275,0.9809849727548692,0.9809849727548692,0.0,False,True
RBBB,isotonic,M1,MERL,D5,MIMIC-IV-ECG,RBBB,D4,CPSC2018,RBBB,298,1031,1031,24,284,747,0.01766057881652629,0.025266847388546107,0.058273326560249986,0.01914727360426848,0.015967363287764946,0.049568068846336785,0.03961937971377894,0.04047422408755863,0.0498596429972975,0.14942336637265272,0.2012765723381857,0.23050624154644236,0.9809849727548692,0.9774520617681997,-0.003532910986669524,False,True
RBBB,temperature,M1,MERL,D5,MIMIC-IV-ECG,RBBB,D4,CPSC2018,RBBB,298,1031,1031,24,284,747,0.01766057881652629,0.012330651456302416,0.03244338386851889,0.01914727360426848,0.01486683474133259,0.030324877097730303,0.03961937971377894,0.039341562320262105,0.0408050369000028,0.14942336637265272,0.1445231389831399,0.15361853468440162,0.9809849727548692,0.9809849727548692,0.0,False,True
RBBB,platt,M2,ST-MEM,D5,MIMIC-IV-ECG,RBBB,D4,CPSC2018,RBBB,298,1031,1031,24,284,747,0.03347865136816521,0.024284077650407687,0.041083923265013506,0.022709627068066236,0.037265073864788424,0.05654696442720044,0.042070562207315795,0.04352462139355102,0.04664644298832188,0.16451008654220137,0.1707326633468131,0.18478822328957403,0.9825122084582462,0.9825122084582462,0.0,False,True
RBBB,isotonic,M2,ST-MEM,D5,MIMIC-IV-ECG,RBBB,D4,CPSC2018,RBBB,298,1031,1031,24,284,747,0.03347865136816521,0.026616600468846164,0.06174114282601094,0.022709627068066236,0.023279225592057657,0.055305995371166976,0.042070562207315795,0.042607829432729824,0.0538052521663863,0.16451008654220137,0.16216554378815706,0.1924628554665801,0.9825122084582462,0.9769382695099648,-0.005573938948281398,False,True
RBBB,temperature,M2,ST-MEM,D5,MIMIC-IV-ECG,RBBB,D4,CPSC2018,RBBB,298,1031,1031,24,284,747,0.03347865136816521,0.020933883848146432,0.03252726257727975,0.022709627068066236,0.025443138000081005,0.03356052161722697,0.042070562207315795,0.04217800402239212,0.043338664968651804,0.16451008654220137,0.14609763569984704,0.1528529406358855,0.9825122084582462,0.982512208458246,-1.1102230246251565e-16,False,False
RBBB,platt,M3,HuBERT-ECG,D5,MIMIC-IV-ECG,RBBB,D4,CPSC2018,RBBB,298,1031,1031,24,284,747,0.04193446819503953,0.0247325407002046,0.08570468177838605,0.04184994806848683,0.048914481354030315,0.09987032221689147,0.0692602355252437,0.07024984645892768,0.08611415392387604,0.2748306125864156,0.24747245608878718,0.2946011683264118,0.9569498651884533,0.9569498651884533,0.0,False,True
RBBB,isotonic,M3,HuBERT-ECG,D5,MIMIC-IV-ECG,RBBB,D4,CPSC2018,RBBB,298,1031,1031,24,284,747,0.04193446819503953,0.020187206897438,0.09421559514588179,0.04184994806848683,0.02184148315678709,0.08616289669204324,0.0692602355252437,0.06763710622644846,0.08897401662896545,0.2748306125864156,0.24399291011323376,0.28910102891285056,0.9569498651884533,0.9475931896600487,-0.009356675528404579,False,True
RBBB,temperature,M3,HuBERT-ECG,D5,MIMIC-IV-ECG,RBBB,D4,CPSC2018,RBBB,298,1031,1031,24,284,747,0.04193446819503953,0.028222174209240777,0.05279151596664748,0.04184994806848683,0.027309257874546234,0.04496369420076477,0.0692602355252437,0.06695197960783336,0.06975496070891966,0.2748306125864156,0.23427438345708773,0.24481072681159735,0.9569498651884533,0.9569498651884533,0.0,False,True
RBBB,platt,M4,ECGFM-KED,D5,MIMIC-IV-ECG,RBBB,D4,CPSC2018,RBBB,298,1031,1031,24,284,747,0.03301161022284738,0.037793506922286474,0.10317146326852904,0.021411295316218895,0.036932821595714774,0.10327110443731224,0.07080855795543178,0.07196887602971219,0.09006091029692379,0.24464715448010926,0.24827449983022082,0.2985438510559506,0.9550502479401173,0.9550502479401173,0.0,False,True
RBBB,isotonic,M4,ECGFM-KED,D5,MIMIC-IV-ECG,RBBB,D4,CPSC2018,RBBB,298,1031,1031,24,284,747,0.03301161022284738,0.03152698936462456,0.08378663653092822,0.021411295316218895,0.020007267285693364,0.08891163814004834,0.07080855795543178,0.07070575355837225,0.08935478145437672,0.24464715448010926,0.23961085695987308,0.29459258636050367,0.9550502479401173,0.9476638950166866,-0.007386352923430706,False,True
RBBB,temperature,M4,ECGFM-KED,D5,MIMIC-IV-ECG,RBBB,D4,CPSC2018,RBBB,298,1031,1031,24,284,747,0.03301161022284738,0.04365009935305971,0.06589301803001121,0.021411295316218895,0.03178102581274636,0.0614465151247148,0.07080855795543178,0.0717889350476881,0.07603321616376565,0.24464715448010926,0.24855167229772737,0.2672147836703106,0.9550502479401173,0.9550502479401173,0.0,False,True
RBBB,platt,M5,ECG-FM,D5,MIMIC-IV-ECG,RBBB,D4,CPSC2018,RBBB,298,1031,1031,24,284,747,0.02308556422006429,0.03544444224047635,0.0673117809355119,0.013862728202107115,0.03439336309214918,0.08451180370244633,0.04973387457011859,0.05100523641823739,0.06369749689042013,0.1829088521694372,0.18947012635362714,0.23073246527216448,0.9740935573279031,0.9740935573279031,0.0,False,True
RBBB,isotonic,M5,ECG-FM,D5,MIMIC-IV-ECG,RBBB,D4,CPSC2018,RBBB,298,1031,1031,24,284,747,0.02308556422006429,0.014498576391824855,0.042930175840349735,0.013862728202107115,0.014366678112149285,0.049444723518992685,0.04973387457011859,0.05074250871716681,0.07126965608373728,0.1829088521694372,0.1810844198138827,0.2435699680569849,0.9740935573279031,0.9580787940494372,-0.01601476327846596,False,True
RBBB,temperature,M5,ECG-FM,D5,MIMIC-IV-ECG,RBBB,D4,CPSC2018,RBBB,298,1031,1031,24,284,747,0.02308556422006429,0.028606591720878465,0.07263537578177866,0.013862728202107115,0.022668206476886842,0.06775064593777125,0.04973387457011859,0.05016816606452832,0.056177226114883835,0.1829088521694372,0.18142403996257508,0.21239257905523412,0.9740935573279031,0.9740935573279031,0.0,False,True
RBBB,platt,M6,S4D,D5,MIMIC-IV-ECG,RBBB,D4,CPSC2018,RBBB,298,1031,1031,24,284,747,0.05137965638115764,0.01786588492070066,0.031699259566339975,0.05485218775826229,0.030708565842183323,0.037180916838223166,0.08021310442817337,0.07675480858620973,0.07748111196531834,0.30822627938239383,0.2760221189319609,0.2810409396567569,0.9199002583102363,0.9199002583102363,0.0,False,False
RBBB,isotonic,M6,S4D,D5,MIMIC-IV-ECG,RBBB,D4,CPSC2018,RBBB,298,1031,1031,24,284,747,0.05137965638115764,0.020051589069242034,0.046772740321442824,0.05485218775826229,0.02921830844697337,0.04595014260691715,0.08021310442817337,0.07935041337242706,0.08430009922364497,0.30822627938239383,0.2869765703100846,0.39235323505667746,0.9199002583102363,0.9128485774082244,-0.007051680902011803,False,False
RBBB,temperature,M6,S4D,D5,MIMIC-IV-ECG,RBBB,D4,CPSC2018,RBBB,298,1031,1031,24,284,747,0.05137965638115764,0.047278883700434364,0.04009399876263539,0.05485218775826229,0.05188560898014215,0.04617597842077011,0.08021310442817337,0.07970273637879209,0.07888262767398131,0.30822627938239383,0.3081560740068959,0.30906918185218163,0.9199002583102363,0.9199002583102363,0.0,True,False
